"concept_id","chapter_type","chapter_id","chapter_name","chapter_level","parent_chapter_id"
702006,"atc_1st",0,"(Unmapped)",1,NA
740560,"atc_1st",0,"(Unmapped)",1,NA
793741,"atc_1st",0,"(Unmapped)",1,NA
902727,"atc_1st",0,"(Unmapped)",1,NA
945913,"atc_1st",0,"(Unmapped)",1,NA
947651,"atc_1st",0,"(Unmapped)",1,NA
963950,"atc_1st",0,"(Unmapped)",1,NA
964008,"atc_1st",0,"(Unmapped)",1,NA
967562,"atc_1st",0,"(Unmapped)",1,NA
1758562,"atc_1st",0,"(Unmapped)",1,NA
19007600,"atc_1st",0,"(Unmapped)",1,NA
19011093,"atc_1st",0,"(Unmapped)",1,NA
19016463,"atc_1st",0,"(Unmapped)",1,NA
19049059,"atc_1st",0,"(Unmapped)",1,NA
19055217,"atc_1st",0,"(Unmapped)",1,NA
19068688,"atc_1st",0,"(Unmapped)",1,NA
19082731,"atc_1st",0,"(Unmapped)",1,NA
19090809,"atc_1st",0,"(Unmapped)",1,NA
19106973,"atc_1st",0,"(Unmapped)",1,NA
19123846,"atc_1st",0,"(Unmapped)",1,NA
35602757,"atc_1st",0,"(Unmapped)",1,NA
36026931,"atc_1st",0,"(Unmapped)",1,NA
36118603,"atc_1st",0,"(Unmapped)",1,NA
36879032,"atc_1st",0,"(Unmapped)",1,NA
37497446,"atc_1st",0,"(Unmapped)",1,NA
37498615,"atc_1st",0,"(Unmapped)",1,NA
40684643,"atc_1st",0,"(Unmapped)",1,NA
40684649,"atc_1st",0,"(Unmapped)",1,NA
40798880,"atc_1st",0,"(Unmapped)",1,NA
42899116,"atc_1st",0,"(Unmapped)",1,NA
42899519,"atc_1st",0,"(Unmapped)",1,NA
42903834,"atc_1st",0,"(Unmapped)",1,NA
44506796,"atc_1st",0,"(Unmapped)",1,NA
44507865,"atc_1st",0,"(Unmapped)",1,NA
45775372,"atc_1st",0,"(Unmapped)",1,NA
45892554,"atc_1st",0,"(Unmapped)",1,NA
46275719,"atc_1st",0,"(Unmapped)",1,NA
741530,"atc_1st",21600001,"A. ALIMENTARY TRACT AND METABOLISM",1,NA
750982,"atc_1st",21600001,"A. ALIMENTARY TRACT AND METABOLISM",1,NA
793143,"atc_1st",21600001,"A. ALIMENTARY TRACT AND METABOLISM",1,NA
901845,"atc_1st",21600001,"A. ALIMENTARY TRACT AND METABOLISM",1,NA
903963,"atc_1st",21600001,"A. ALIMENTARY TRACT AND METABOLISM",1,NA
904453,"atc_1st",21600001,"A. ALIMENTARY TRACT AND METABOLISM",1,NA
906780,"atc_1st",21600001,"A. ALIMENTARY TRACT AND METABOLISM",1,NA
907879,"atc_1st",21600001,"A. ALIMENTARY TRACT AND METABOLISM",1,NA
914335,"atc_1st",21600001,"A. ALIMENTARY TRACT AND METABOLISM",1,NA
915981,"atc_1st",21600001,"A. ALIMENTARY TRACT AND METABOLISM",1,NA
919204,"atc_1st",21600001,"A. ALIMENTARY TRACT AND METABOLISM",1,NA
920458,"atc_1st",21600001,"A. ALIMENTARY TRACT AND METABOLISM",1,NA
922570,"atc_1st",21600001,"A. ALIMENTARY TRACT AND METABOLISM",1,NA
923645,"atc_1st",21600001,"A. ALIMENTARY TRACT AND METABOLISM",1,NA
924939,"atc_1st",21600001,"A. ALIMENTARY TRACT AND METABOLISM",1,NA
929887,"atc_1st",21600001,"A. ALIMENTARY TRACT AND METABOLISM",1,NA
931973,"atc_1st",21600001,"A. ALIMENTARY TRACT AND METABOLISM",1,NA
936748,"atc_1st",21600001,"A. ALIMENTARY TRACT AND METABOLISM",1,NA
939259,"atc_1st",21600001,"A. ALIMENTARY TRACT AND METABOLISM",1,NA
939506,"atc_1st",21600001,"A. ALIMENTARY TRACT AND METABOLISM",1,NA
939976,"atc_1st",21600001,"A. ALIMENTARY TRACT AND METABOLISM",1,NA
948078,"atc_1st",21600001,"A. ALIMENTARY TRACT AND METABOLISM",1,NA
948582,"atc_1st",21600001,"A. ALIMENTARY TRACT AND METABOLISM",1,NA
950435,"atc_1st",21600001,"A. ALIMENTARY TRACT AND METABOLISM",1,NA
951469,"atc_1st",21600001,"A. ALIMENTARY TRACT AND METABOLISM",1,NA
953076,"atc_1st",21600001,"A. ALIMENTARY TRACT AND METABOLISM",1,NA
958134,"atc_1st",21600001,"A. ALIMENTARY TRACT AND METABOLISM",1,NA
961047,"atc_1st",21600001,"A. ALIMENTARY TRACT AND METABOLISM",1,NA
964339,"atc_1st",21600001,"A. ALIMENTARY TRACT AND METABOLISM",1,NA
967823,"atc_1st",21600001,"A. ALIMENTARY TRACT AND METABOLISM",1,NA
968426,"atc_1st",21600001,"A. ALIMENTARY TRACT AND METABOLISM",1,NA
970011,"atc_1st",21600001,"A. ALIMENTARY TRACT AND METABOLISM",1,NA
975125,"atc_1st",21600001,"A. ALIMENTARY TRACT AND METABOLISM",1,NA
977968,"atc_1st",21600001,"A. ALIMENTARY TRACT AND METABOLISM",1,NA
979096,"atc_1st",21600001,"A. ALIMENTARY TRACT AND METABOLISM",1,NA
987245,"atc_1st",21600001,"A. ALIMENTARY TRACT AND METABOLISM",1,NA
988095,"atc_1st",21600001,"A. ALIMENTARY TRACT AND METABOLISM",1,NA
988294,"atc_1st",21600001,"A. ALIMENTARY TRACT AND METABOLISM",1,NA
990760,"atc_1st",21600001,"A. ALIMENTARY TRACT AND METABOLISM",1,NA
991825,"atc_1st",21600001,"A. ALIMENTARY TRACT AND METABOLISM",1,NA
991855,"atc_1st",21600001,"A. ALIMENTARY TRACT AND METABOLISM",1,NA
991876,"atc_1st",21600001,"A. ALIMENTARY TRACT AND METABOLISM",1,NA
993631,"atc_1st",21600001,"A. ALIMENTARY TRACT AND METABOLISM",1,NA
1000560,"atc_1st",21600001,"A. ALIMENTARY TRACT AND METABOLISM",1,NA
1000632,"atc_1st",21600001,"A. ALIMENTARY TRACT AND METABOLISM",1,NA
1000772,"atc_1st",21600001,"A. ALIMENTARY TRACT AND METABOLISM",1,NA
1110410,"atc_1st",21600001,"A. ALIMENTARY TRACT AND METABOLISM",1,NA
1112807,"atc_1st",21600001,"A. ALIMENTARY TRACT AND METABOLISM",1,NA
1114220,"atc_1st",21600001,"A. ALIMENTARY TRACT AND METABOLISM",1,NA
1115572,"atc_1st",21600001,"A. ALIMENTARY TRACT AND METABOLISM",1,NA
1150871,"atc_1st",21600001,"A. ALIMENTARY TRACT AND METABOLISM",1,NA
1326901,"atc_1st",21600001,"A. ALIMENTARY TRACT AND METABOLISM",1,NA
1343916,"atc_1st",21600001,"A. ALIMENTARY TRACT AND METABOLISM",1,NA
1356018,"atc_1st",21600001,"A. ALIMENTARY TRACT AND METABOLISM",1,NA
1386670,"atc_1st",21600001,"A. ALIMENTARY TRACT AND METABOLISM",1,NA
1502905,"atc_1st",21600001,"A. ALIMENTARY TRACT AND METABOLISM",1,NA
1503297,"atc_1st",21600001,"A. ALIMENTARY TRACT AND METABOLISM",1,NA
1514412,"atc_1st",21600001,"A. ALIMENTARY TRACT AND METABOLISM",1,NA
1516976,"atc_1st",21600001,"A. ALIMENTARY TRACT AND METABOLISM",1,NA
1517824,"atc_1st",21600001,"A. ALIMENTARY TRACT AND METABOLISM",1,NA
1518254,"atc_1st",21600001,"A. ALIMENTARY TRACT AND METABOLISM",1,NA
1525215,"atc_1st",21600001,"A. ALIMENTARY TRACT AND METABOLISM",1,NA
1544838,"atc_1st",21600001,"A. ALIMENTARY TRACT AND METABOLISM",1,NA
1550023,"atc_1st",21600001,"A. ALIMENTARY TRACT AND METABOLISM",1,NA
1550557,"atc_1st",21600001,"A. ALIMENTARY TRACT AND METABOLISM",1,NA
1553610,"atc_1st",21600001,"A. ALIMENTARY TRACT AND METABOLISM",1,NA
1560171,"atc_1st",21600001,"A. ALIMENTARY TRACT AND METABOLISM",1,NA
1567198,"atc_1st",21600001,"A. ALIMENTARY TRACT AND METABOLISM",1,NA
1580747,"atc_1st",21600001,"A. ALIMENTARY TRACT AND METABOLISM",1,NA
1583722,"atc_1st",21600001,"A. ALIMENTARY TRACT AND METABOLISM",1,NA
1596977,"atc_1st",21600001,"A. ALIMENTARY TRACT AND METABOLISM",1,NA
1597756,"atc_1st",21600001,"A. ALIMENTARY TRACT AND METABOLISM",1,NA
1636780,"atc_1st",21600001,"A. ALIMENTARY TRACT AND METABOLISM",1,NA
1707164,"atc_1st",21600001,"A. ALIMENTARY TRACT AND METABOLISM",1,NA
1707687,"atc_1st",21600001,"A. ALIMENTARY TRACT AND METABOLISM",1,NA
1735947,"atc_1st",21600001,"A. ALIMENTARY TRACT AND METABOLISM",1,NA
1738521,"atc_1st",21600001,"A. ALIMENTARY TRACT AND METABOLISM",1,NA
1790812,"atc_1st",21600001,"A. ALIMENTARY TRACT AND METABOLISM",1,NA
1836948,"atc_1st",21600001,"A. ALIMENTARY TRACT AND METABOLISM",1,NA
19005046,"atc_1st",21600001,"A. ALIMENTARY TRACT AND METABOLISM",1,NA
19008867,"atc_1st",21600001,"A. ALIMENTARY TRACT AND METABOLISM",1,NA
19008994,"atc_1st",21600001,"A. ALIMENTARY TRACT AND METABOLISM",1,NA
19014215,"atc_1st",21600001,"A. ALIMENTARY TRACT AND METABOLISM",1,NA
19018322,"atc_1st",21600001,"A. ALIMENTARY TRACT AND METABOLISM",1,NA
19018403,"atc_1st",21600001,"A. ALIMENTARY TRACT AND METABOLISM",1,NA
19018541,"atc_1st",21600001,"A. ALIMENTARY TRACT AND METABOLISM",1,NA
19018544,"atc_1st",21600001,"A. ALIMENTARY TRACT AND METABOLISM",1,NA
19019131,"atc_1st",21600001,"A. ALIMENTARY TRACT AND METABOLISM",1,NA
19035569,"atc_1st",21600001,"A. ALIMENTARY TRACT AND METABOLISM",1,NA
19035631,"atc_1st",21600001,"A. ALIMENTARY TRACT AND METABOLISM",1,NA
19035704,"atc_1st",21600001,"A. ALIMENTARY TRACT AND METABOLISM",1,NA
19036781,"atc_1st",21600001,"A. ALIMENTARY TRACT AND METABOLISM",1,NA
19037038,"atc_1st",21600001,"A. ALIMENTARY TRACT AND METABOLISM",1,NA
19037833,"atc_1st",21600001,"A. ALIMENTARY TRACT AND METABOLISM",1,NA
19045045,"atc_1st",21600001,"A. ALIMENTARY TRACT AND METABOLISM",1,NA
19049105,"atc_1st",21600001,"A. ALIMENTARY TRACT AND METABOLISM",1,NA
19051926,"atc_1st",21600001,"A. ALIMENTARY TRACT AND METABOLISM",1,NA
19056611,"atc_1st",21600001,"A. ALIMENTARY TRACT AND METABOLISM",1,NA
19059796,"atc_1st",21600001,"A. ALIMENTARY TRACT AND METABOLISM",1,NA
19062817,"atc_1st",21600001,"A. ALIMENTARY TRACT AND METABOLISM",1,NA
19066894,"atc_1st",21600001,"A. ALIMENTARY TRACT AND METABOLISM",1,NA
19066992,"atc_1st",21600001,"A. ALIMENTARY TRACT AND METABOLISM",1,NA
19092849,"atc_1st",21600001,"A. ALIMENTARY TRACT AND METABOLISM",1,NA
19093848,"atc_1st",21600001,"A. ALIMENTARY TRACT AND METABOLISM",1,NA
19095164,"atc_1st",21600001,"A. ALIMENTARY TRACT AND METABOLISM",1,NA
19115055,"atc_1st",21600001,"A. ALIMENTARY TRACT AND METABOLISM",1,NA
19122137,"atc_1st",21600001,"A. ALIMENTARY TRACT AND METABOLISM",1,NA
19137312,"atc_1st",21600001,"A. ALIMENTARY TRACT AND METABOLISM",1,NA
35198096,"atc_1st",21600001,"A. ALIMENTARY TRACT AND METABOLISM",1,NA
35602717,"atc_1st",21600001,"A. ALIMENTARY TRACT AND METABOLISM",1,NA
40166035,"atc_1st",21600001,"A. ALIMENTARY TRACT AND METABOLISM",1,NA
40170911,"atc_1st",21600001,"A. ALIMENTARY TRACT AND METABOLISM",1,NA
40234201,"atc_1st",21600001,"A. ALIMENTARY TRACT AND METABOLISM",1,NA
40239216,"atc_1st",21600001,"A. ALIMENTARY TRACT AND METABOLISM",1,NA
42899937,"atc_1st",21600001,"A. ALIMENTARY TRACT AND METABOLISM",1,NA
43009053,"atc_1st",21600001,"A. ALIMENTARY TRACT AND METABOLISM",1,NA
44506754,"atc_1st",21600001,"A. ALIMENTARY TRACT AND METABOLISM",1,NA
44785829,"atc_1st",21600001,"A. ALIMENTARY TRACT AND METABOLISM",1,NA
45774435,"atc_1st",21600001,"A. ALIMENTARY TRACT AND METABOLISM",1,NA
45774613,"atc_1st",21600001,"A. ALIMENTARY TRACT AND METABOLISM",1,NA
45774751,"atc_1st",21600001,"A. ALIMENTARY TRACT AND METABOLISM",1,NA
45775571,"atc_1st",21600001,"A. ALIMENTARY TRACT AND METABOLISM",1,NA
45775584,"atc_1st",21600001,"A. ALIMENTARY TRACT AND METABOLISM",1,NA
588017,"atc_1st",21600959,"B. BLOOD AND BLOOD FORMING ORGANS",1,NA
793042,"atc_1st",21600959,"B. BLOOD AND BLOOD FORMING ORGANS",1,NA
793844,"atc_1st",21600959,"B. BLOOD AND BLOOD FORMING ORGANS",1,NA
901845,"atc_1st",21600959,"B. BLOOD AND BLOOD FORMING ORGANS",1,NA
902722,"atc_1st",21600959,"B. BLOOD AND BLOOD FORMING ORGANS",1,NA
903963,"atc_1st",21600959,"B. BLOOD AND BLOOD FORMING ORGANS",1,NA
905078,"atc_1st",21600959,"B. BLOOD AND BLOOD FORMING ORGANS",1,NA
907879,"atc_1st",21600959,"B. BLOOD AND BLOOD FORMING ORGANS",1,NA
914053,"atc_1st",21600959,"B. BLOOD AND BLOOD FORMING ORGANS",1,NA
915981,"atc_1st",21600959,"B. BLOOD AND BLOOD FORMING ORGANS",1,NA
920293,"atc_1st",21600959,"B. BLOOD AND BLOOD FORMING ORGANS",1,NA
922570,"atc_1st",21600959,"B. BLOOD AND BLOOD FORMING ORGANS",1,NA
923081,"atc_1st",21600959,"B. BLOOD AND BLOOD FORMING ORGANS",1,NA
929549,"atc_1st",21600959,"B. BLOOD AND BLOOD FORMING ORGANS",1,NA
939506,"atc_1st",21600959,"B. BLOOD AND BLOOD FORMING ORGANS",1,NA
940864,"atc_1st",21600959,"B. BLOOD AND BLOOD FORMING ORGANS",1,NA
948582,"atc_1st",21600959,"B. BLOOD AND BLOOD FORMING ORGANS",1,NA
951511,"atc_1st",21600959,"B. BLOOD AND BLOOD FORMING ORGANS",1,NA
956653,"atc_1st",21600959,"B. BLOOD AND BLOOD FORMING ORGANS",1,NA
966956,"atc_1st",21600959,"B. BLOOD AND BLOOD FORMING ORGANS",1,NA
967823,"atc_1st",21600959,"B. BLOOD AND BLOOD FORMING ORGANS",1,NA
970011,"atc_1st",21600959,"B. BLOOD AND BLOOD FORMING ORGANS",1,NA
977968,"atc_1st",21600959,"B. BLOOD AND BLOOD FORMING ORGANS",1,NA
978236,"atc_1st",21600959,"B. BLOOD AND BLOOD FORMING ORGANS",1,NA
985708,"atc_1st",21600959,"B. BLOOD AND BLOOD FORMING ORGANS",1,NA
990069,"atc_1st",21600959,"B. BLOOD AND BLOOD FORMING ORGANS",1,NA
991003,"atc_1st",21600959,"B. BLOOD AND BLOOD FORMING ORGANS",1,NA
997881,"atc_1st",21600959,"B. BLOOD AND BLOOD FORMING ORGANS",1,NA
1000632,"atc_1st",21600959,"B. BLOOD AND BLOOD FORMING ORGANS",1,NA
1112807,"atc_1st",21600959,"B. BLOOD AND BLOOD FORMING ORGANS",1,NA
1301025,"atc_1st",21600959,"B. BLOOD AND BLOOD FORMING ORGANS",1,NA
1301065,"atc_1st",21600959,"B. BLOOD AND BLOOD FORMING ORGANS",1,NA
1303425,"atc_1st",21600959,"B. BLOOD AND BLOOD FORMING ORGANS",1,NA
1304643,"atc_1st",21600959,"B. BLOOD AND BLOOD FORMING ORGANS",1,NA
1308738,"atc_1st",21600959,"B. BLOOD AND BLOOD FORMING ORGANS",1,NA
1310149,"atc_1st",21600959,"B. BLOOD AND BLOOD FORMING ORGANS",1,NA
1315865,"atc_1st",21600959,"B. BLOOD AND BLOOD FORMING ORGANS",1,NA
1322184,"atc_1st",21600959,"B. BLOOD AND BLOOD FORMING ORGANS",1,NA
1327256,"atc_1st",21600959,"B. BLOOD AND BLOOD FORMING ORGANS",1,NA
1343916,"atc_1st",21600959,"B. BLOOD AND BLOOD FORMING ORGANS",1,NA
1344143,"atc_1st",21600959,"B. BLOOD AND BLOOD FORMING ORGANS",1,NA
1344992,"atc_1st",21600959,"B. BLOOD AND BLOOD FORMING ORGANS",1,NA
1350310,"atc_1st",21600959,"B. BLOOD AND BLOOD FORMING ORGANS",1,NA
1351935,"atc_1st",21600959,"B. BLOOD AND BLOOD FORMING ORGANS",1,NA
1352141,"atc_1st",21600959,"B. BLOOD AND BLOOD FORMING ORGANS",1,NA
1352213,"atc_1st",21600959,"B. BLOOD AND BLOOD FORMING ORGANS",1,NA
1360067,"atc_1st",21600959,"B. BLOOD AND BLOOD FORMING ORGANS",1,NA
1367571,"atc_1st",21600959,"B. BLOOD AND BLOOD FORMING ORGANS",1,NA
1369939,"atc_1st",21600959,"B. BLOOD AND BLOOD FORMING ORGANS",1,NA
1377023,"atc_1st",21600959,"B. BLOOD AND BLOOD FORMING ORGANS",1,NA
1395573,"atc_1st",21600959,"B. BLOOD AND BLOOD FORMING ORGANS",1,NA
1396131,"atc_1st",21600959,"B. BLOOD AND BLOOD FORMING ORGANS",1,NA
1514412,"atc_1st",21600959,"B. BLOOD AND BLOOD FORMING ORGANS",1,NA
1550557,"atc_1st",21600959,"B. BLOOD AND BLOOD FORMING ORGANS",1,NA
1560524,"atc_1st",21600959,"B. BLOOD AND BLOOD FORMING ORGANS",1,NA
1595799,"atc_1st",21600959,"B. BLOOD AND BLOOD FORMING ORGANS",1,NA
1703653,"atc_1st",21600959,"B. BLOOD AND BLOOD FORMING ORGANS",1,NA
1703687,"atc_1st",21600959,"B. BLOOD AND BLOOD FORMING ORGANS",1,NA
1704139,"atc_1st",21600959,"B. BLOOD AND BLOOD FORMING ORGANS",1,NA
1705674,"atc_1st",21600959,"B. BLOOD AND BLOOD FORMING ORGANS",1,NA
1707164,"atc_1st",21600959,"B. BLOOD AND BLOOD FORMING ORGANS",1,NA
1707687,"atc_1st",21600959,"B. BLOOD AND BLOOD FORMING ORGANS",1,NA
1709170,"atc_1st",21600959,"B. BLOOD AND BLOOD FORMING ORGANS",1,NA
1713332,"atc_1st",21600959,"B. BLOOD AND BLOOD FORMING ORGANS",1,NA
1714277,"atc_1st",21600959,"B. BLOOD AND BLOOD FORMING ORGANS",1,NA
1716903,"atc_1st",21600959,"B. BLOOD AND BLOOD FORMING ORGANS",1,NA
1717327,"atc_1st",21600959,"B. BLOOD AND BLOOD FORMING ORGANS",1,NA
1721543,"atc_1st",21600959,"B. BLOOD AND BLOOD FORMING ORGANS",1,NA
1728416,"atc_1st",21600959,"B. BLOOD AND BLOOD FORMING ORGANS",1,NA
1729720,"atc_1st",21600959,"B. BLOOD AND BLOOD FORMING ORGANS",1,NA
1734104,"atc_1st",21600959,"B. BLOOD AND BLOOD FORMING ORGANS",1,NA
1735947,"atc_1st",21600959,"B. BLOOD AND BLOOD FORMING ORGANS",1,NA
1736887,"atc_1st",21600959,"B. BLOOD AND BLOOD FORMING ORGANS",1,NA
1738366,"atc_1st",21600959,"B. BLOOD AND BLOOD FORMING ORGANS",1,NA
1738521,"atc_1st",21600959,"B. BLOOD AND BLOOD FORMING ORGANS",1,NA
1741309,"atc_1st",21600959,"B. BLOOD AND BLOOD FORMING ORGANS",1,NA
1742253,"atc_1st",21600959,"B. BLOOD AND BLOOD FORMING ORGANS",1,NA
1746940,"atc_1st",21600959,"B. BLOOD AND BLOOD FORMING ORGANS",1,NA
1750087,"atc_1st",21600959,"B. BLOOD AND BLOOD FORMING ORGANS",1,NA
1750461,"atc_1st",21600959,"B. BLOOD AND BLOOD FORMING ORGANS",1,NA
1750500,"atc_1st",21600959,"B. BLOOD AND BLOOD FORMING ORGANS",1,NA
1753745,"atc_1st",21600959,"B. BLOOD AND BLOOD FORMING ORGANS",1,NA
1754994,"atc_1st",21600959,"B. BLOOD AND BLOOD FORMING ORGANS",1,NA
1757803,"atc_1st",21600959,"B. BLOOD AND BLOOD FORMING ORGANS",1,NA
1762711,"atc_1st",21600959,"B. BLOOD AND BLOOD FORMING ORGANS",1,NA
1763204,"atc_1st",21600959,"B. BLOOD AND BLOOD FORMING ORGANS",1,NA
1763779,"atc_1st",21600959,"B. BLOOD AND BLOOD FORMING ORGANS",1,NA
1769535,"atc_1st",21600959,"B. BLOOD AND BLOOD FORMING ORGANS",1,NA
1771162,"atc_1st",21600959,"B. BLOOD AND BLOOD FORMING ORGANS",1,NA
1774470,"atc_1st",21600959,"B. BLOOD AND BLOOD FORMING ORGANS",1,NA
1776684,"atc_1st",21600959,"B. BLOOD AND BLOOD FORMING ORGANS",1,NA
1777087,"atc_1st",21600959,"B. BLOOD AND BLOOD FORMING ORGANS",1,NA
1777806,"atc_1st",21600959,"B. BLOOD AND BLOOD FORMING ORGANS",1,NA
1778162,"atc_1st",21600959,"B. BLOOD AND BLOOD FORMING ORGANS",1,NA
1781733,"atc_1st",21600959,"B. BLOOD AND BLOOD FORMING ORGANS",1,NA
1784444,"atc_1st",21600959,"B. BLOOD AND BLOOD FORMING ORGANS",1,NA
1790812,"atc_1st",21600959,"B. BLOOD AND BLOOD FORMING ORGANS",1,NA
1792429,"atc_1st",21600959,"B. BLOOD AND BLOOD FORMING ORGANS",1,NA
1794280,"atc_1st",21600959,"B. BLOOD AND BLOOD FORMING ORGANS",1,NA
1797513,"atc_1st",21600959,"B. BLOOD AND BLOOD FORMING ORGANS",1,NA
1836241,"atc_1st",21600959,"B. BLOOD AND BLOOD FORMING ORGANS",1,NA
1836430,"atc_1st",21600959,"B. BLOOD AND BLOOD FORMING ORGANS",1,NA
1836948,"atc_1st",21600959,"B. BLOOD AND BLOOD FORMING ORGANS",1,NA
19000498,"atc_1st",21600959,"B. BLOOD AND BLOOD FORMING ORGANS",1,NA
19001014,"atc_1st",21600959,"B. BLOOD AND BLOOD FORMING ORGANS",1,NA
19001311,"atc_1st",21600959,"B. BLOOD AND BLOOD FORMING ORGANS",1,NA
19001599,"atc_1st",21600959,"B. BLOOD AND BLOOD FORMING ORGANS",1,NA
19010400,"atc_1st",21600959,"B. BLOOD AND BLOOD FORMING ORGANS",1,NA
19011035,"atc_1st",21600959,"B. BLOOD AND BLOOD FORMING ORGANS",1,NA
19012346,"atc_1st",21600959,"B. BLOOD AND BLOOD FORMING ORGANS",1,NA
19015768,"atc_1st",21600959,"B. BLOOD AND BLOOD FORMING ORGANS",1,NA
19036781,"atc_1st",21600959,"B. BLOOD AND BLOOD FORMING ORGANS",1,NA
19037038,"atc_1st",21600959,"B. BLOOD AND BLOOD FORMING ORGANS",1,NA
19044727,"atc_1st",21600959,"B. BLOOD AND BLOOD FORMING ORGANS",1,NA
19049105,"atc_1st",21600959,"B. BLOOD AND BLOOD FORMING ORGANS",1,NA
19054702,"atc_1st",21600959,"B. BLOOD AND BLOOD FORMING ORGANS",1,NA
19056694,"atc_1st",21600959,"B. BLOOD AND BLOOD FORMING ORGANS",1,NA
19062817,"atc_1st",21600959,"B. BLOOD AND BLOOD FORMING ORGANS",1,NA
19069137,"atc_1st",21600959,"B. BLOOD AND BLOOD FORMING ORGANS",1,NA
19070251,"atc_1st",21600959,"B. BLOOD AND BLOOD FORMING ORGANS",1,NA
19077884,"atc_1st",21600959,"B. BLOOD AND BLOOD FORMING ORGANS",1,NA
19092849,"atc_1st",21600959,"B. BLOOD AND BLOOD FORMING ORGANS",1,NA
19093848,"atc_1st",21600959,"B. BLOOD AND BLOOD FORMING ORGANS",1,NA
19097405,"atc_1st",21600959,"B. BLOOD AND BLOOD FORMING ORGANS",1,NA
19111620,"atc_1st",21600959,"B. BLOOD AND BLOOD FORMING ORGANS",1,NA
19136187,"atc_1st",21600959,"B. BLOOD AND BLOOD FORMING ORGANS",1,NA
19137312,"atc_1st",21600959,"B. BLOOD AND BLOOD FORMING ORGANS",1,NA
35604848,"atc_1st",21600959,"B. BLOOD AND BLOOD FORMING ORGANS",1,NA
35606465,"atc_1st",21600959,"B. BLOOD AND BLOOD FORMING ORGANS",1,NA
36249204,"atc_1st",21600959,"B. BLOOD AND BLOOD FORMING ORGANS",1,NA
40228152,"atc_1st",21600959,"B. BLOOD AND BLOOD FORMING ORGANS",1,NA
40241186,"atc_1st",21600959,"B. BLOOD AND BLOOD FORMING ORGANS",1,NA
40241331,"atc_1st",21600959,"B. BLOOD AND BLOOD FORMING ORGANS",1,NA
42898933,"atc_1st",21600959,"B. BLOOD AND BLOOD FORMING ORGANS",1,NA
43009086,"atc_1st",21600959,"B. BLOOD AND BLOOD FORMING ORGANS",1,NA
43013024,"atc_1st",21600959,"B. BLOOD AND BLOOD FORMING ORGANS",1,NA
44785094,"atc_1st",21600959,"B. BLOOD AND BLOOD FORMING ORGANS",1,NA
44785885,"atc_1st",21600959,"B. BLOOD AND BLOOD FORMING ORGANS",1,NA
45892419,"atc_1st",21600959,"B. BLOOD AND BLOOD FORMING ORGANS",1,NA
45892552,"atc_1st",21600959,"B. BLOOD AND BLOOD FORMING ORGANS",1,NA
45892558,"atc_1st",21600959,"B. BLOOD AND BLOOD FORMING ORGANS",1,NA
45892847,"atc_1st",21600959,"B. BLOOD AND BLOOD FORMING ORGANS",1,NA
739665,"atc_1st",21601237,"C. CARDIOVASCULAR SYSTEM",1,NA
751698,"atc_1st",21601237,"C. CARDIOVASCULAR SYSTEM",1,NA
902427,"atc_1st",21601237,"C. CARDIOVASCULAR SYSTEM",1,NA
903963,"atc_1st",21601237,"C. CARDIOVASCULAR SYSTEM",1,NA
920458,"atc_1st",21601237,"C. CARDIOVASCULAR SYSTEM",1,NA
923840,"atc_1st",21601237,"C. CARDIOVASCULAR SYSTEM",1,NA
942350,"atc_1st",21601237,"C. CARDIOVASCULAR SYSTEM",1,NA
956874,"atc_1st",21601237,"C. CARDIOVASCULAR SYSTEM",1,NA
958134,"atc_1st",21601237,"C. CARDIOVASCULAR SYSTEM",1,NA
970250,"atc_1st",21601237,"C. CARDIOVASCULAR SYSTEM",1,NA
974166,"atc_1st",21601237,"C. CARDIOVASCULAR SYSTEM",1,NA
975125,"atc_1st",21601237,"C. CARDIOVASCULAR SYSTEM",1,NA
978555,"atc_1st",21601237,"C. CARDIOVASCULAR SYSTEM",1,NA
989878,"atc_1st",21601237,"C. CARDIOVASCULAR SYSTEM",1,NA
991382,"atc_1st",21601237,"C. CARDIOVASCULAR SYSTEM",1,NA
996541,"atc_1st",21601237,"C. CARDIOVASCULAR SYSTEM",1,NA
1112921,"atc_1st",21601237,"C. CARDIOVASCULAR SYSTEM",1,NA
1135766,"atc_1st",21601237,"C. CARDIOVASCULAR SYSTEM",1,NA
1177480,"atc_1st",21601237,"C. CARDIOVASCULAR SYSTEM",1,NA
1178663,"atc_1st",21601237,"C. CARDIOVASCULAR SYSTEM",1,NA
1307046,"atc_1st",21601237,"C. CARDIOVASCULAR SYSTEM",1,NA
1307863,"atc_1st",21601237,"C. CARDIOVASCULAR SYSTEM",1,NA
1308216,"atc_1st",21601237,"C. CARDIOVASCULAR SYSTEM",1,NA
1308368,"atc_1st",21601237,"C. CARDIOVASCULAR SYSTEM",1,NA
1308842,"atc_1st",21601237,"C. CARDIOVASCULAR SYSTEM",1,NA
1309068,"atc_1st",21601237,"C. CARDIOVASCULAR SYSTEM",1,NA
1309204,"atc_1st",21601237,"C. CARDIOVASCULAR SYSTEM",1,NA
1309799,"atc_1st",21601237,"C. CARDIOVASCULAR SYSTEM",1,NA
1309944,"atc_1st",21601237,"C. CARDIOVASCULAR SYSTEM",1,NA
1314002,"atc_1st",21601237,"C. CARDIOVASCULAR SYSTEM",1,NA
1314577,"atc_1st",21601237,"C. CARDIOVASCULAR SYSTEM",1,NA
1317640,"atc_1st",21601237,"C. CARDIOVASCULAR SYSTEM",1,NA
1318853,"atc_1st",21601237,"C. CARDIOVASCULAR SYSTEM",1,NA
1319133,"atc_1st",21601237,"C. CARDIOVASCULAR SYSTEM",1,NA
1321636,"atc_1st",21601237,"C. CARDIOVASCULAR SYSTEM",1,NA
1322081,"atc_1st",21601237,"C. CARDIOVASCULAR SYSTEM",1,NA
1326303,"atc_1st",21601237,"C. CARDIOVASCULAR SYSTEM",1,NA
1328165,"atc_1st",21601237,"C. CARDIOVASCULAR SYSTEM",1,NA
1331235,"atc_1st",21601237,"C. CARDIOVASCULAR SYSTEM",1,NA
1331247,"atc_1st",21601237,"C. CARDIOVASCULAR SYSTEM",1,NA
1332418,"atc_1st",21601237,"C. CARDIOVASCULAR SYSTEM",1,NA
1334456,"atc_1st",21601237,"C. CARDIOVASCULAR SYSTEM",1,NA
1337068,"atc_1st",21601237,"C. CARDIOVASCULAR SYSTEM",1,NA
1337107,"atc_1st",21601237,"C. CARDIOVASCULAR SYSTEM",1,NA
1338005,"atc_1st",21601237,"C. CARDIOVASCULAR SYSTEM",1,NA
1340128,"atc_1st",21601237,"C. CARDIOVASCULAR SYSTEM",1,NA
1341927,"atc_1st",21601237,"C. CARDIOVASCULAR SYSTEM",1,NA
1342439,"atc_1st",21601237,"C. CARDIOVASCULAR SYSTEM",1,NA
1343916,"atc_1st",21601237,"C. CARDIOVASCULAR SYSTEM",1,NA
1344965,"atc_1st",21601237,"C. CARDIOVASCULAR SYSTEM",1,NA
1346686,"atc_1st",21601237,"C. CARDIOVASCULAR SYSTEM",1,NA
1346823,"atc_1st",21601237,"C. CARDIOVASCULAR SYSTEM",1,NA
1350489,"atc_1st",21601237,"C. CARDIOVASCULAR SYSTEM",1,NA
1351557,"atc_1st",21601237,"C. CARDIOVASCULAR SYSTEM",1,NA
1353256,"atc_1st",21601237,"C. CARDIOVASCULAR SYSTEM",1,NA
1353766,"atc_1st",21601237,"C. CARDIOVASCULAR SYSTEM",1,NA
1353776,"atc_1st",21601237,"C. CARDIOVASCULAR SYSTEM",1,NA
1354860,"atc_1st",21601237,"C. CARDIOVASCULAR SYSTEM",1,NA
1361711,"atc_1st",21601237,"C. CARDIOVASCULAR SYSTEM",1,NA
1363053,"atc_1st",21601237,"C. CARDIOVASCULAR SYSTEM",1,NA
1363749,"atc_1st",21601237,"C. CARDIOVASCULAR SYSTEM",1,NA
1367500,"atc_1st",21601237,"C. CARDIOVASCULAR SYSTEM",1,NA
1367571,"atc_1st",21601237,"C. CARDIOVASCULAR SYSTEM",1,NA
1370109,"atc_1st",21601237,"C. CARDIOVASCULAR SYSTEM",1,NA
1373225,"atc_1st",21601237,"C. CARDIOVASCULAR SYSTEM",1,NA
1381504,"atc_1st",21601237,"C. CARDIOVASCULAR SYSTEM",1,NA
1383815,"atc_1st",21601237,"C. CARDIOVASCULAR SYSTEM",1,NA
1383925,"atc_1st",21601237,"C. CARDIOVASCULAR SYSTEM",1,NA
1386957,"atc_1st",21601237,"C. CARDIOVASCULAR SYSTEM",1,NA
1398937,"atc_1st",21601237,"C. CARDIOVASCULAR SYSTEM",1,NA
1510813,"atc_1st",21601237,"C. CARDIOVASCULAR SYSTEM",1,NA
1517824,"atc_1st",21601237,"C. CARDIOVASCULAR SYSTEM",1,NA
1518254,"atc_1st",21601237,"C. CARDIOVASCULAR SYSTEM",1,NA
1526475,"atc_1st",21601237,"C. CARDIOVASCULAR SYSTEM",1,NA
1537451,"atc_1st",21601237,"C. CARDIOVASCULAR SYSTEM",1,NA
1539403,"atc_1st",21601237,"C. CARDIOVASCULAR SYSTEM",1,NA
1545958,"atc_1st",21601237,"C. CARDIOVASCULAR SYSTEM",1,NA
1549686,"atc_1st",21601237,"C. CARDIOVASCULAR SYSTEM",1,NA
1550557,"atc_1st",21601237,"C. CARDIOVASCULAR SYSTEM",1,NA
1551803,"atc_1st",21601237,"C. CARDIOVASCULAR SYSTEM",1,NA
1551860,"atc_1st",21601237,"C. CARDIOVASCULAR SYSTEM",1,NA
1560524,"atc_1st",21601237,"C. CARDIOVASCULAR SYSTEM",1,NA
19004539,"atc_1st",21601237,"C. CARDIOVASCULAR SYSTEM",1,NA
19011021,"atc_1st",21601237,"C. CARDIOVASCULAR SYSTEM",1,NA
19014035,"atc_1st",21601237,"C. CARDIOVASCULAR SYSTEM",1,NA
19015802,"atc_1st",21601237,"C. CARDIOVASCULAR SYSTEM",1,NA
19018544,"atc_1st",21601237,"C. CARDIOVASCULAR SYSTEM",1,NA
19020061,"atc_1st",21601237,"C. CARDIOVASCULAR SYSTEM",1,NA
19029488,"atc_1st",21601237,"C. CARDIOVASCULAR SYSTEM",1,NA
19036946,"atc_1st",21601237,"C. CARDIOVASCULAR SYSTEM",1,NA
19043154,"atc_1st",21601237,"C. CARDIOVASCULAR SYSTEM",1,NA
19050375,"atc_1st",21601237,"C. CARDIOVASCULAR SYSTEM",1,NA
19055344,"atc_1st",21601237,"C. CARDIOVASCULAR SYSTEM",1,NA
19059142,"atc_1st",21601237,"C. CARDIOVASCULAR SYSTEM",1,NA
19063981,"atc_1st",21601237,"C. CARDIOVASCULAR SYSTEM",1,NA
19095309,"atc_1st",21601237,"C. CARDIOVASCULAR SYSTEM",1,NA
40163615,"atc_1st",21601237,"C. CARDIOVASCULAR SYSTEM",1,NA
40173184,"atc_1st",21601237,"C. CARDIOVASCULAR SYSTEM",1,NA
40175900,"atc_1st",21601237,"C. CARDIOVASCULAR SYSTEM",1,NA
40226742,"atc_1st",21601237,"C. CARDIOVASCULAR SYSTEM",1,NA
44506752,"atc_1st",21601237,"C. CARDIOVASCULAR SYSTEM",1,NA
44507580,"atc_1st",21601237,"C. CARDIOVASCULAR SYSTEM",1,NA
46234437,"atc_1st",21601237,"C. CARDIOVASCULAR SYSTEM",1,NA
46287466,"atc_1st",21601237,"C. CARDIOVASCULAR SYSTEM",1,NA
787787,"atc_1st",21601907,"D. DERMATOLOGICALS",1,NA
903643,"atc_1st",21601907,"D. DERMATOLOGICALS",1,NA
903963,"atc_1st",21601907,"D. DERMATOLOGICALS",1,NA
905233,"atc_1st",21601907,"D. DERMATOLOGICALS",1,NA
907879,"atc_1st",21601907,"D. DERMATOLOGICALS",1,NA
908921,"atc_1st",21601907,"D. DERMATOLOGICALS",1,NA
914053,"atc_1st",21601907,"D. DERMATOLOGICALS",1,NA
915175,"atc_1st",21601907,"D. DERMATOLOGICALS",1,NA
915542,"atc_1st",21601907,"D. DERMATOLOGICALS",1,NA
915935,"atc_1st",21601907,"D. DERMATOLOGICALS",1,NA
915981,"atc_1st",21601907,"D. DERMATOLOGICALS",1,NA
918172,"atc_1st",21601907,"D. DERMATOLOGICALS",1,NA
920458,"atc_1st",21601907,"D. DERMATOLOGICALS",1,NA
922570,"atc_1st",21601907,"D. DERMATOLOGICALS",1,NA
923840,"atc_1st",21601907,"D. DERMATOLOGICALS",1,NA
929638,"atc_1st",21601907,"D. DERMATOLOGICALS",1,NA
939259,"atc_1st",21601907,"D. DERMATOLOGICALS",1,NA
940864,"atc_1st",21601907,"D. DERMATOLOGICALS",1,NA
947705,"atc_1st",21601907,"D. DERMATOLOGICALS",1,NA
950098,"atc_1st",21601907,"D. DERMATOLOGICALS",1,NA
950637,"atc_1st",21601907,"D. DERMATOLOGICALS",1,NA
951511,"atc_1st",21601907,"D. DERMATOLOGICALS",1,NA
964407,"atc_1st",21601907,"D. DERMATOLOGICALS",1,NA
966956,"atc_1st",21601907,"D. DERMATOLOGICALS",1,NA
975125,"atc_1st",21601907,"D. DERMATOLOGICALS",1,NA
978236,"atc_1st",21601907,"D. DERMATOLOGICALS",1,NA
981691,"atc_1st",21601907,"D. DERMATOLOGICALS",1,NA
981774,"atc_1st",21601907,"D. DERMATOLOGICALS",1,NA
984232,"atc_1st",21601907,"D. DERMATOLOGICALS",1,NA
985708,"atc_1st",21601907,"D. DERMATOLOGICALS",1,NA
986790,"atc_1st",21601907,"D. DERMATOLOGICALS",1,NA
988294,"atc_1st",21601907,"D. DERMATOLOGICALS",1,NA
989878,"atc_1st",21601907,"D. DERMATOLOGICALS",1,NA
990069,"atc_1st",21601907,"D. DERMATOLOGICALS",1,NA
991003,"atc_1st",21601907,"D. DERMATOLOGICALS",1,NA
996416,"atc_1st",21601907,"D. DERMATOLOGICALS",1,NA
996541,"atc_1st",21601907,"D. DERMATOLOGICALS",1,NA
997881,"atc_1st",21601907,"D. DERMATOLOGICALS",1,NA
998415,"atc_1st",21601907,"D. DERMATOLOGICALS",1,NA
1000632,"atc_1st",21601907,"D. DERMATOLOGICALS",1,NA
1115572,"atc_1st",21601907,"D. DERMATOLOGICALS",1,NA
1124300,"atc_1st",21601907,"D. DERMATOLOGICALS",1,NA
1129625,"atc_1st",21601907,"D. DERMATOLOGICALS",1,NA
1134439,"atc_1st",21601907,"D. DERMATOLOGICALS",1,NA
1149380,"atc_1st",21601907,"D. DERMATOLOGICALS",1,NA
1197677,"atc_1st",21601907,"D. DERMATOLOGICALS",1,NA
1309068,"atc_1st",21601907,"D. DERMATOLOGICALS",1,NA
1506270,"atc_1st",21601907,"D. DERMATOLOGICALS",1,NA
1518254,"atc_1st",21601907,"D. DERMATOLOGICALS",1,NA
1550557,"atc_1st",21601907,"D. DERMATOLOGICALS",1,NA
1593467,"atc_1st",21601907,"D. DERMATOLOGICALS",1,NA
1595799,"atc_1st",21601907,"D. DERMATOLOGICALS",1,NA
1703653,"atc_1st",21601907,"D. DERMATOLOGICALS",1,NA
1703687,"atc_1st",21601907,"D. DERMATOLOGICALS",1,NA
1704139,"atc_1st",21601907,"D. DERMATOLOGICALS",1,NA
1707164,"atc_1st",21601907,"D. DERMATOLOGICALS",1,NA
1711759,"atc_1st",21601907,"D. DERMATOLOGICALS",1,NA
1714277,"atc_1st",21601907,"D. DERMATOLOGICALS",1,NA
1735947,"atc_1st",21601907,"D. DERMATOLOGICALS",1,NA
1741309,"atc_1st",21601907,"D. DERMATOLOGICALS",1,NA
1746940,"atc_1st",21601907,"D. DERMATOLOGICALS",1,NA
1750087,"atc_1st",21601907,"D. DERMATOLOGICALS",1,NA
1754994,"atc_1st",21601907,"D. DERMATOLOGICALS",1,NA
1763779,"atc_1st",21601907,"D. DERMATOLOGICALS",1,NA
1780601,"atc_1st",21601907,"D. DERMATOLOGICALS",1,NA
1784444,"atc_1st",21601907,"D. DERMATOLOGICALS",1,NA
1790812,"atc_1st",21601907,"D. DERMATOLOGICALS",1,NA
1836948,"atc_1st",21601907,"D. DERMATOLOGICALS",1,NA
19001599,"atc_1st",21601907,"D. DERMATOLOGICALS",1,NA
19003491,"atc_1st",21601907,"D. DERMATOLOGICALS",1,NA
19008867,"atc_1st",21601907,"D. DERMATOLOGICALS",1,NA
19010400,"atc_1st",21601907,"D. DERMATOLOGICALS",1,NA
19016063,"atc_1st",21601907,"D. DERMATOLOGICALS",1,NA
19018384,"atc_1st",21601907,"D. DERMATOLOGICALS",1,NA
19026096,"atc_1st",21601907,"D. DERMATOLOGICALS",1,NA
19032619,"atc_1st",21601907,"D. DERMATOLOGICALS",1,NA
19035631,"atc_1st",21601907,"D. DERMATOLOGICALS",1,NA
19037038,"atc_1st",21601907,"D. DERMATOLOGICALS",1,NA
19055344,"atc_1st",21601907,"D. DERMATOLOGICALS",1,NA
19056694,"atc_1st",21601907,"D. DERMATOLOGICALS",1,NA
19093848,"atc_1st",21601907,"D. DERMATOLOGICALS",1,NA
19101679,"atc_1st",21601907,"D. DERMATOLOGICALS",1,NA
35606695,"atc_1st",21601907,"D. DERMATOLOGICALS",1,NA
37497383,"atc_1st",21601907,"D. DERMATOLOGICALS",1,NA
37497593,"atc_1st",21601907,"D. DERMATOLOGICALS",1,NA
40244464,"atc_1st",21601907,"D. DERMATOLOGICALS",1,NA
43526424,"atc_1st",21601907,"D. DERMATOLOGICALS",1,NA
45775571,"atc_1st",21601907,"D. DERMATOLOGICALS",1,NA
45892419,"atc_1st",21601907,"D. DERMATOLOGICALS",1,NA
730548,"atc_1st",21602359,"G. GENITO URINARY SYSTEM AND SEX HORMONES",1,NA
837027,"atc_1st",21602359,"G. GENITO URINARY SYSTEM AND SEX HORMONES",1,NA
907879,"atc_1st",21602359,"G. GENITO URINARY SYSTEM AND SEX HORMONES",1,NA
913782,"atc_1st",21602359,"G. GENITO URINARY SYSTEM AND SEX HORMONES",1,NA
916005,"atc_1st",21602359,"G. GENITO URINARY SYSTEM AND SEX HORMONES",1,NA
918906,"atc_1st",21602359,"G. GENITO URINARY SYSTEM AND SEX HORMONES",1,NA
922570,"atc_1st",21602359,"G. GENITO URINARY SYSTEM AND SEX HORMONES",1,NA
924566,"atc_1st",21602359,"G. GENITO URINARY SYSTEM AND SEX HORMONES",1,NA
929549,"atc_1st",21602359,"G. GENITO URINARY SYSTEM AND SEX HORMONES",1,NA
930021,"atc_1st",21602359,"G. GENITO URINARY SYSTEM AND SEX HORMONES",1,NA
940864,"atc_1st",21602359,"G. GENITO URINARY SYSTEM AND SEX HORMONES",1,NA
950098,"atc_1st",21602359,"G. GENITO URINARY SYSTEM AND SEX HORMONES",1,NA
964407,"atc_1st",21602359,"G. GENITO URINARY SYSTEM AND SEX HORMONES",1,NA
985708,"atc_1st",21602359,"G. GENITO URINARY SYSTEM AND SEX HORMONES",1,NA
989482,"atc_1st",21602359,"G. GENITO URINARY SYSTEM AND SEX HORMONES",1,NA
990069,"atc_1st",21602359,"G. GENITO URINARY SYSTEM AND SEX HORMONES",1,NA
991825,"atc_1st",21602359,"G. GENITO URINARY SYSTEM AND SEX HORMONES",1,NA
996416,"atc_1st",21602359,"G. GENITO URINARY SYSTEM AND SEX HORMONES",1,NA
997881,"atc_1st",21602359,"G. GENITO URINARY SYSTEM AND SEX HORMONES",1,NA
1000632,"atc_1st",21602359,"G. GENITO URINARY SYSTEM AND SEX HORMONES",1,NA
1115008,"atc_1st",21602359,"G. GENITO URINARY SYSTEM AND SEX HORMONES",1,NA
1150871,"atc_1st",21602359,"G. GENITO URINARY SYSTEM AND SEX HORMONES",1,NA
1177480,"atc_1st",21602359,"G. GENITO URINARY SYSTEM AND SEX HORMONES",1,NA
1311276,"atc_1st",21602359,"G. GENITO URINARY SYSTEM AND SEX HORMONES",1,NA
1316262,"atc_1st",21602359,"G. GENITO URINARY SYSTEM AND SEX HORMONES",1,NA
1326901,"atc_1st",21602359,"G. GENITO URINARY SYSTEM AND SEX HORMONES",1,NA
1336926,"atc_1st",21602359,"G. GENITO URINARY SYSTEM AND SEX HORMONES",1,NA
1363053,"atc_1st",21602359,"G. GENITO URINARY SYSTEM AND SEX HORMONES",1,NA
1381504,"atc_1st",21602359,"G. GENITO URINARY SYSTEM AND SEX HORMONES",1,NA
1500211,"atc_1st",21602359,"G. GENITO URINARY SYSTEM AND SEX HORMONES",1,NA
1508439,"atc_1st",21602359,"G. GENITO URINARY SYSTEM AND SEX HORMONES",1,NA
1512674,"atc_1st",21602359,"G. GENITO URINARY SYSTEM AND SEX HORMONES",1,NA
1515774,"atc_1st",21602359,"G. GENITO URINARY SYSTEM AND SEX HORMONES",1,NA
1518198,"atc_1st",21602359,"G. GENITO URINARY SYSTEM AND SEX HORMONES",1,NA
1519936,"atc_1st",21602359,"G. GENITO URINARY SYSTEM AND SEX HORMONES",1,NA
1521369,"atc_1st",21602359,"G. GENITO URINARY SYSTEM AND SEX HORMONES",1,NA
1542948,"atc_1st",21602359,"G. GENITO URINARY SYSTEM AND SEX HORMONES",1,NA
1543112,"atc_1st",21602359,"G. GENITO URINARY SYSTEM AND SEX HORMONES",1,NA
1548195,"atc_1st",21602359,"G. GENITO URINARY SYSTEM AND SEX HORMONES",1,NA
1549786,"atc_1st",21602359,"G. GENITO URINARY SYSTEM AND SEX HORMONES",1,NA
1552310,"atc_1st",21602359,"G. GENITO URINARY SYSTEM AND SEX HORMONES",1,NA
1558471,"atc_1st",21602359,"G. GENITO URINARY SYSTEM AND SEX HORMONES",1,NA
1563600,"atc_1st",21602359,"G. GENITO URINARY SYSTEM AND SEX HORMONES",1,NA
1588000,"atc_1st",21602359,"G. GENITO URINARY SYSTEM AND SEX HORMONES",1,NA
1589505,"atc_1st",21602359,"G. GENITO URINARY SYSTEM AND SEX HORMONES",1,NA
1597235,"atc_1st",21602359,"G. GENITO URINARY SYSTEM AND SEX HORMONES",1,NA
1598819,"atc_1st",21602359,"G. GENITO URINARY SYSTEM AND SEX HORMONES",1,NA
1636780,"atc_1st",21602359,"G. GENITO URINARY SYSTEM AND SEX HORMONES",1,NA
1707164,"atc_1st",21602359,"G. GENITO URINARY SYSTEM AND SEX HORMONES",1,NA
1750087,"atc_1st",21602359,"G. GENITO URINARY SYSTEM AND SEX HORMONES",1,NA
1836430,"atc_1st",21602359,"G. GENITO URINARY SYSTEM AND SEX HORMONES",1,NA
19003491,"atc_1st",21602359,"G. GENITO URINARY SYSTEM AND SEX HORMONES",1,NA
19010792,"atc_1st",21602359,"G. GENITO URINARY SYSTEM AND SEX HORMONES",1,NA
19011035,"atc_1st",21602359,"G. GENITO URINARY SYSTEM AND SEX HORMONES",1,NA
19012925,"atc_1st",21602359,"G. GENITO URINARY SYSTEM AND SEX HORMONES",1,NA
19015533,"atc_1st",21602359,"G. GENITO URINARY SYSTEM AND SEX HORMONES",1,NA
19016063,"atc_1st",21602359,"G. GENITO URINARY SYSTEM AND SEX HORMONES",1,NA
19026733,"atc_1st",21602359,"G. GENITO URINARY SYSTEM AND SEX HORMONES",1,NA
19036781,"atc_1st",21602359,"G. GENITO URINARY SYSTEM AND SEX HORMONES",1,NA
19040060,"atc_1st",21602359,"G. GENITO URINARY SYSTEM AND SEX HORMONES",1,NA
19041933,"atc_1st",21602359,"G. GENITO URINARY SYSTEM AND SEX HORMONES",1,NA
19049038,"atc_1st",21602359,"G. GENITO URINARY SYSTEM AND SEX HORMONES",1,NA
19053979,"atc_1st",21602359,"G. GENITO URINARY SYSTEM AND SEX HORMONES",1,NA
19054876,"atc_1st",21602359,"G. GENITO URINARY SYSTEM AND SEX HORMONES",1,NA
19097684,"atc_1st",21602359,"G. GENITO URINARY SYSTEM AND SEX HORMONES",1,NA
36878940,"atc_1st",21602359,"G. GENITO URINARY SYSTEM AND SEX HORMONES",1,NA
40225722,"atc_1st",21602359,"G. GENITO URINARY SYSTEM AND SEX HORMONES",1,NA
40684608,"atc_1st",21602359,"G. GENITO URINARY SYSTEM AND SEX HORMONES",1,NA
42800040,"atc_1st",21602359,"G. GENITO URINARY SYSTEM AND SEX HORMONES",1,NA
42873636,"atc_1st",21602359,"G. GENITO URINARY SYSTEM AND SEX HORMONES",1,NA
43049220,"atc_1st",21602359,"G. GENITO URINARY SYSTEM AND SEX HORMONES",1,NA
739471,"atc_1st",21602681,"H. SYSTEMIC HORMONAL PREPARATIONS, EXCL. SEX HORMONES AND INSULINS",1,NA
746356,"atc_1st",21602681,"H. SYSTEMIC HORMONAL PREPARATIONS, EXCL. SEX HORMONES AND INSULINS",1,NA
903963,"atc_1st",21602681,"H. SYSTEMIC HORMONAL PREPARATIONS, EXCL. SEX HORMONES AND INSULINS",1,NA
920458,"atc_1st",21602681,"H. SYSTEMIC HORMONAL PREPARATIONS, EXCL. SEX HORMONES AND INSULINS",1,NA
975125,"atc_1st",21602681,"H. SYSTEMIC HORMONAL PREPARATIONS, EXCL. SEX HORMONES AND INSULINS",1,NA
985708,"atc_1st",21602681,"H. SYSTEMIC HORMONAL PREPARATIONS, EXCL. SEX HORMONES AND INSULINS",1,NA
1326115,"atc_1st",21602681,"H. SYSTEMIC HORMONAL PREPARATIONS, EXCL. SEX HORMONES AND INSULINS",1,NA
1501700,"atc_1st",21602681,"H. SYSTEMIC HORMONAL PREPARATIONS, EXCL. SEX HORMONES AND INSULINS",1,NA
1503501,"atc_1st",21602681,"H. SYSTEMIC HORMONAL PREPARATIONS, EXCL. SEX HORMONES AND INSULINS",1,NA
1503983,"atc_1st",21602681,"H. SYSTEMIC HORMONAL PREPARATIONS, EXCL. SEX HORMONES AND INSULINS",1,NA
1504620,"atc_1st",21602681,"H. SYSTEMIC HORMONAL PREPARATIONS, EXCL. SEX HORMONES AND INSULINS",1,NA
1505346,"atc_1st",21602681,"H. SYSTEMIC HORMONAL PREPARATIONS, EXCL. SEX HORMONES AND INSULINS",1,NA
1506270,"atc_1st",21602681,"H. SYSTEMIC HORMONAL PREPARATIONS, EXCL. SEX HORMONES AND INSULINS",1,NA
1517070,"atc_1st",21602681,"H. SYSTEMIC HORMONAL PREPARATIONS, EXCL. SEX HORMONES AND INSULINS",1,NA
1517740,"atc_1st",21602681,"H. SYSTEMIC HORMONAL PREPARATIONS, EXCL. SEX HORMONES AND INSULINS",1,NA
1518254,"atc_1st",21602681,"H. SYSTEMIC HORMONAL PREPARATIONS, EXCL. SEX HORMONES AND INSULINS",1,NA
1521987,"atc_1st",21602681,"H. SYSTEMIC HORMONAL PREPARATIONS, EXCL. SEX HORMONES AND INSULINS",1,NA
1522957,"atc_1st",21602681,"H. SYSTEMIC HORMONAL PREPARATIONS, EXCL. SEX HORMONES AND INSULINS",1,NA
1536743,"atc_1st",21602681,"H. SYSTEMIC HORMONAL PREPARATIONS, EXCL. SEX HORMONES AND INSULINS",1,NA
1548111,"atc_1st",21602681,"H. SYSTEMIC HORMONAL PREPARATIONS, EXCL. SEX HORMONES AND INSULINS",1,NA
1550557,"atc_1st",21602681,"H. SYSTEMIC HORMONAL PREPARATIONS, EXCL. SEX HORMONES AND INSULINS",1,NA
1554072,"atc_1st",21602681,"H. SYSTEMIC HORMONAL PREPARATIONS, EXCL. SEX HORMONES AND INSULINS",1,NA
1555120,"atc_1st",21602681,"H. SYSTEMIC HORMONAL PREPARATIONS, EXCL. SEX HORMONES AND INSULINS",1,NA
1560278,"atc_1st",21602681,"H. SYSTEMIC HORMONAL PREPARATIONS, EXCL. SEX HORMONES AND INSULINS",1,NA
1584910,"atc_1st",21602681,"H. SYSTEMIC HORMONAL PREPARATIONS, EXCL. SEX HORMONES AND INSULINS",1,NA
19035569,"atc_1st",21602681,"H. SYSTEMIC HORMONAL PREPARATIONS, EXCL. SEX HORMONES AND INSULINS",1,NA
19055344,"atc_1st",21602681,"H. SYSTEMIC HORMONAL PREPARATIONS, EXCL. SEX HORMONES AND INSULINS",1,NA
43012417,"atc_1st",21602681,"H. SYSTEMIC HORMONAL PREPARATIONS, EXCL. SEX HORMONES AND INSULINS",1,NA
509079,"atc_1st",21602795,"J. ANTIINFECTIVES FOR SYSTEMIC USE",1,NA
509081,"atc_1st",21602795,"J. ANTIINFECTIVES FOR SYSTEMIC USE",1,NA
514012,"atc_1st",21602795,"J. ANTIINFECTIVES FOR SYSTEMIC USE",1,NA
514015,"atc_1st",21602795,"J. ANTIINFECTIVES FOR SYSTEMIC USE",1,NA
523212,"atc_1st",21602795,"J. ANTIINFECTIVES FOR SYSTEMIC USE",1,NA
523365,"atc_1st",21602795,"J. ANTIINFECTIVES FOR SYSTEMIC USE",1,NA
523367,"atc_1st",21602795,"J. ANTIINFECTIVES FOR SYSTEMIC USE",1,NA
528323,"atc_1st",21602795,"J. ANTIINFECTIVES FOR SYSTEMIC USE",1,NA
528986,"atc_1st",21602795,"J. ANTIINFECTIVES FOR SYSTEMIC USE",1,NA
528988,"atc_1st",21602795,"J. ANTIINFECTIVES FOR SYSTEMIC USE",1,NA
528990,"atc_1st",21602795,"J. ANTIINFECTIVES FOR SYSTEMIC USE",1,NA
529042,"atc_1st",21602795,"J. ANTIINFECTIVES FOR SYSTEMIC USE",1,NA
529044,"atc_1st",21602795,"J. ANTIINFECTIVES FOR SYSTEMIC USE",1,NA
529046,"atc_1st",21602795,"J. ANTIINFECTIVES FOR SYSTEMIC USE",1,NA
529072,"atc_1st",21602795,"J. ANTIINFECTIVES FOR SYSTEMIC USE",1,NA
529076,"atc_1st",21602795,"J. ANTIINFECTIVES FOR SYSTEMIC USE",1,NA
529112,"atc_1st",21602795,"J. ANTIINFECTIVES FOR SYSTEMIC USE",1,NA
529114,"atc_1st",21602795,"J. ANTIINFECTIVES FOR SYSTEMIC USE",1,NA
529116,"atc_1st",21602795,"J. ANTIINFECTIVES FOR SYSTEMIC USE",1,NA
529303,"atc_1st",21602795,"J. ANTIINFECTIVES FOR SYSTEMIC USE",1,NA
529411,"atc_1st",21602795,"J. ANTIINFECTIVES FOR SYSTEMIC USE",1,NA
529713,"atc_1st",21602795,"J. ANTIINFECTIVES FOR SYSTEMIC USE",1,NA
532272,"atc_1st",21602795,"J. ANTIINFECTIVES FOR SYSTEMIC USE",1,NA
532881,"atc_1st",21602795,"J. ANTIINFECTIVES FOR SYSTEMIC USE",1,NA
535714,"atc_1st",21602795,"J. ANTIINFECTIVES FOR SYSTEMIC USE",1,NA
537647,"atc_1st",21602795,"J. ANTIINFECTIVES FOR SYSTEMIC USE",1,NA
702530,"atc_1st",21602795,"J. ANTIINFECTIVES FOR SYSTEMIC USE",1,NA
793843,"atc_1st",21602795,"J. ANTIINFECTIVES FOR SYSTEMIC USE",1,NA
901845,"atc_1st",21602795,"J. ANTIINFECTIVES FOR SYSTEMIC USE",1,NA
902722,"atc_1st",21602795,"J. ANTIINFECTIVES FOR SYSTEMIC USE",1,NA
907879,"atc_1st",21602795,"J. ANTIINFECTIVES FOR SYSTEMIC USE",1,NA
915175,"atc_1st",21602795,"J. ANTIINFECTIVES FOR SYSTEMIC USE",1,NA
915981,"atc_1st",21602795,"J. ANTIINFECTIVES FOR SYSTEMIC USE",1,NA
920293,"atc_1st",21602795,"J. ANTIINFECTIVES FOR SYSTEMIC USE",1,NA
923081,"atc_1st",21602795,"J. ANTIINFECTIVES FOR SYSTEMIC USE",1,NA
948582,"atc_1st",21602795,"J. ANTIINFECTIVES FOR SYSTEMIC USE",1,NA
956653,"atc_1st",21602795,"J. ANTIINFECTIVES FOR SYSTEMIC USE",1,NA
985708,"atc_1st",21602795,"J. ANTIINFECTIVES FOR SYSTEMIC USE",1,NA
990069,"atc_1st",21602795,"J. ANTIINFECTIVES FOR SYSTEMIC USE",1,NA
997881,"atc_1st",21602795,"J. ANTIINFECTIVES FOR SYSTEMIC USE",1,NA
1703063,"atc_1st",21602795,"J. ANTIINFECTIVES FOR SYSTEMIC USE",1,NA
1703069,"atc_1st",21602795,"J. ANTIINFECTIVES FOR SYSTEMIC USE",1,NA
1703653,"atc_1st",21602795,"J. ANTIINFECTIVES FOR SYSTEMIC USE",1,NA
1703687,"atc_1st",21602795,"J. ANTIINFECTIVES FOR SYSTEMIC USE",1,NA
1704139,"atc_1st",21602795,"J. ANTIINFECTIVES FOR SYSTEMIC USE",1,NA
1704183,"atc_1st",21602795,"J. ANTIINFECTIVES FOR SYSTEMIC USE",1,NA
1705674,"atc_1st",21602795,"J. ANTIINFECTIVES FOR SYSTEMIC USE",1,NA
1707164,"atc_1st",21602795,"J. ANTIINFECTIVES FOR SYSTEMIC USE",1,NA
1707687,"atc_1st",21602795,"J. ANTIINFECTIVES FOR SYSTEMIC USE",1,NA
1708748,"atc_1st",21602795,"J. ANTIINFECTIVES FOR SYSTEMIC USE",1,NA
1709170,"atc_1st",21602795,"J. ANTIINFECTIVES FOR SYSTEMIC USE",1,NA
1710281,"atc_1st",21602795,"J. ANTIINFECTIVES FOR SYSTEMIC USE",1,NA
1710612,"atc_1st",21602795,"J. ANTIINFECTIVES FOR SYSTEMIC USE",1,NA
1711246,"atc_1st",21602795,"J. ANTIINFECTIVES FOR SYSTEMIC USE",1,NA
1711759,"atc_1st",21602795,"J. ANTIINFECTIVES FOR SYSTEMIC USE",1,NA
1712889,"atc_1st",21602795,"J. ANTIINFECTIVES FOR SYSTEMIC USE",1,NA
1713332,"atc_1st",21602795,"J. ANTIINFECTIVES FOR SYSTEMIC USE",1,NA
1714277,"atc_1st",21602795,"J. ANTIINFECTIVES FOR SYSTEMIC USE",1,NA
1716903,"atc_1st",21602795,"J. ANTIINFECTIVES FOR SYSTEMIC USE",1,NA
1717327,"atc_1st",21602795,"J. ANTIINFECTIVES FOR SYSTEMIC USE",1,NA
1717704,"atc_1st",21602795,"J. ANTIINFECTIVES FOR SYSTEMIC USE",1,NA
1721543,"atc_1st",21602795,"J. ANTIINFECTIVES FOR SYSTEMIC USE",1,NA
1724700,"atc_1st",21602795,"J. ANTIINFECTIVES FOR SYSTEMIC USE",1,NA
1728416,"atc_1st",21602795,"J. ANTIINFECTIVES FOR SYSTEMIC USE",1,NA
1729720,"atc_1st",21602795,"J. ANTIINFECTIVES FOR SYSTEMIC USE",1,NA
1734104,"atc_1st",21602795,"J. ANTIINFECTIVES FOR SYSTEMIC USE",1,NA
1736887,"atc_1st",21602795,"J. ANTIINFECTIVES FOR SYSTEMIC USE",1,NA
1736971,"atc_1st",21602795,"J. ANTIINFECTIVES FOR SYSTEMIC USE",1,NA
1738135,"atc_1st",21602795,"J. ANTIINFECTIVES FOR SYSTEMIC USE",1,NA
1738170,"atc_1st",21602795,"J. ANTIINFECTIVES FOR SYSTEMIC USE",1,NA
1738366,"atc_1st",21602795,"J. ANTIINFECTIVES FOR SYSTEMIC USE",1,NA
1738521,"atc_1st",21602795,"J. ANTIINFECTIVES FOR SYSTEMIC USE",1,NA
1742253,"atc_1st",21602795,"J. ANTIINFECTIVES FOR SYSTEMIC USE",1,NA
1746940,"atc_1st",21602795,"J. ANTIINFECTIVES FOR SYSTEMIC USE",1,NA
1748921,"atc_1st",21602795,"J. ANTIINFECTIVES FOR SYSTEMIC USE",1,NA
1750500,"atc_1st",21602795,"J. ANTIINFECTIVES FOR SYSTEMIC USE",1,NA
1754994,"atc_1st",21602795,"J. ANTIINFECTIVES FOR SYSTEMIC USE",1,NA
1756831,"atc_1st",21602795,"J. ANTIINFECTIVES FOR SYSTEMIC USE",1,NA
1757803,"atc_1st",21602795,"J. ANTIINFECTIVES FOR SYSTEMIC USE",1,NA
1759842,"atc_1st",21602795,"J. ANTIINFECTIVES FOR SYSTEMIC USE",1,NA
1762711,"atc_1st",21602795,"J. ANTIINFECTIVES FOR SYSTEMIC USE",1,NA
1763204,"atc_1st",21602795,"J. ANTIINFECTIVES FOR SYSTEMIC USE",1,NA
1763339,"atc_1st",21602795,"J. ANTIINFECTIVES FOR SYSTEMIC USE",1,NA
1769535,"atc_1st",21602795,"J. ANTIINFECTIVES FOR SYSTEMIC USE",1,NA
1771162,"atc_1st",21602795,"J. ANTIINFECTIVES FOR SYSTEMIC USE",1,NA
1774470,"atc_1st",21602795,"J. ANTIINFECTIVES FOR SYSTEMIC USE",1,NA
1776684,"atc_1st",21602795,"J. ANTIINFECTIVES FOR SYSTEMIC USE",1,NA
1777806,"atc_1st",21602795,"J. ANTIINFECTIVES FOR SYSTEMIC USE",1,NA
1778162,"atc_1st",21602795,"J. ANTIINFECTIVES FOR SYSTEMIC USE",1,NA
1797513,"atc_1st",21602795,"J. ANTIINFECTIVES FOR SYSTEMIC USE",1,NA
1799139,"atc_1st",21602795,"J. ANTIINFECTIVES FOR SYSTEMIC USE",1,NA
1836241,"atc_1st",21602795,"J. ANTIINFECTIVES FOR SYSTEMIC USE",1,NA
1836430,"atc_1st",21602795,"J. ANTIINFECTIVES FOR SYSTEMIC USE",1,NA
1836948,"atc_1st",21602795,"J. ANTIINFECTIVES FOR SYSTEMIC USE",1,NA
19010400,"atc_1st",21602795,"J. ANTIINFECTIVES FOR SYSTEMIC USE",1,NA
19033193,"atc_1st",21602795,"J. ANTIINFECTIVES FOR SYSTEMIC USE",1,NA
19040624,"atc_1st",21602795,"J. ANTIINFECTIVES FOR SYSTEMIC USE",1,NA
19070251,"atc_1st",21602795,"J. ANTIINFECTIVES FOR SYSTEMIC USE",1,NA
19101679,"atc_1st",21602795,"J. ANTIINFECTIVES FOR SYSTEMIC USE",1,NA
19113026,"atc_1st",21602795,"J. ANTIINFECTIVES FOR SYSTEMIC USE",1,NA
35200446,"atc_1st",21602795,"J. ANTIINFECTIVES FOR SYSTEMIC USE",1,NA
35605546,"atc_1st",21602795,"J. ANTIINFECTIVES FOR SYSTEMIC USE",1,NA
35606465,"atc_1st",21602795,"J. ANTIINFECTIVES FOR SYSTEMIC USE",1,NA
35606467,"atc_1st",21602795,"J. ANTIINFECTIVES FOR SYSTEMIC USE",1,NA
35606695,"atc_1st",21602795,"J. ANTIINFECTIVES FOR SYSTEMIC USE",1,NA
36879187,"atc_1st",21602795,"J. ANTIINFECTIVES FOR SYSTEMIC USE",1,NA
37499271,"atc_1st",21602795,"J. ANTIINFECTIVES FOR SYSTEMIC USE",1,NA
40174004,"atc_1st",21602795,"J. ANTIINFECTIVES FOR SYSTEMIC USE",1,NA
40174011,"atc_1st",21602795,"J. ANTIINFECTIVES FOR SYSTEMIC USE",1,NA
40174015,"atc_1st",21602795,"J. ANTIINFECTIVES FOR SYSTEMIC USE",1,NA
40174018,"atc_1st",21602795,"J. ANTIINFECTIVES FOR SYSTEMIC USE",1,NA
40174020,"atc_1st",21602795,"J. ANTIINFECTIVES FOR SYSTEMIC USE",1,NA
40174023,"atc_1st",21602795,"J. ANTIINFECTIVES FOR SYSTEMIC USE",1,NA
40238770,"atc_1st",21602795,"J. ANTIINFECTIVES FOR SYSTEMIC USE",1,NA
40238930,"atc_1st",21602795,"J. ANTIINFECTIVES FOR SYSTEMIC USE",1,NA
40239330,"atc_1st",21602795,"J. ANTIINFECTIVES FOR SYSTEMIC USE",1,NA
42800027,"atc_1st",21602795,"J. ANTIINFECTIVES FOR SYSTEMIC USE",1,NA
42903441,"atc_1st",21602795,"J. ANTIINFECTIVES FOR SYSTEMIC USE",1,NA
42903442,"atc_1st",21602795,"J. ANTIINFECTIVES FOR SYSTEMIC USE",1,NA
43009009,"atc_1st",21602795,"J. ANTIINFECTIVES FOR SYSTEMIC USE",1,NA
43560385,"atc_1st",21602795,"J. ANTIINFECTIVES FOR SYSTEMIC USE",1,NA
44785086,"atc_1st",21602795,"J. ANTIINFECTIVES FOR SYSTEMIC USE",1,NA
44785094,"atc_1st",21602795,"J. ANTIINFECTIVES FOR SYSTEMIC USE",1,NA
44814322,"atc_1st",21602795,"J. ANTIINFECTIVES FOR SYSTEMIC USE",1,NA
45775636,"atc_1st",21602795,"J. ANTIINFECTIVES FOR SYSTEMIC USE",1,NA
45892419,"atc_1st",21602795,"J. ANTIINFECTIVES FOR SYSTEMIC USE",1,NA
45892552,"atc_1st",21602795,"J. ANTIINFECTIVES FOR SYSTEMIC USE",1,NA
45892558,"atc_1st",21602795,"J. ANTIINFECTIVES FOR SYSTEMIC USE",1,NA
713196,"atc_1st",21601386,"L. ANTINEOPLASTIC AND IMMUNOMODULATING AGENTS",1,NA
722424,"atc_1st",21601386,"L. ANTINEOPLASTIC AND IMMUNOMODULATING AGENTS",1,NA
739471,"atc_1st",21601386,"L. ANTINEOPLASTIC AND IMMUNOMODULATING AGENTS",1,NA
740121,"atc_1st",21601386,"L. ANTINEOPLASTIC AND IMMUNOMODULATING AGENTS",1,NA
751889,"atc_1st",21601386,"L. ANTINEOPLASTIC AND IMMUNOMODULATING AGENTS",1,NA
792764,"atc_1st",21601386,"L. ANTINEOPLASTIC AND IMMUNOMODULATING AGENTS",1,NA
903643,"atc_1st",21601386,"L. ANTINEOPLASTIC AND IMMUNOMODULATING AGENTS",1,NA
904351,"atc_1st",21601386,"L. ANTINEOPLASTIC AND IMMUNOMODULATING AGENTS",1,NA
905078,"atc_1st",21601386,"L. ANTINEOPLASTIC AND IMMUNOMODULATING AGENTS",1,NA
937368,"atc_1st",21601386,"L. ANTINEOPLASTIC AND IMMUNOMODULATING AGENTS",1,NA
950637,"atc_1st",21601386,"L. ANTINEOPLASTIC AND IMMUNOMODULATING AGENTS",1,NA
963987,"atc_1st",21601386,"L. ANTINEOPLASTIC AND IMMUNOMODULATING AGENTS",1,NA
978236,"atc_1st",21601386,"L. ANTINEOPLASTIC AND IMMUNOMODULATING AGENTS",1,NA
1101898,"atc_1st",21601386,"L. ANTINEOPLASTIC AND IMMUNOMODULATING AGENTS",1,NA
1118084,"atc_1st",21601386,"L. ANTINEOPLASTIC AND IMMUNOMODULATING AGENTS",1,NA
1119119,"atc_1st",21601386,"L. ANTINEOPLASTIC AND IMMUNOMODULATING AGENTS",1,NA
1151789,"atc_1st",21601386,"L. ANTINEOPLASTIC AND IMMUNOMODULATING AGENTS",1,NA
1301267,"atc_1st",21601386,"L. ANTINEOPLASTIC AND IMMUNOMODULATING AGENTS",1,NA
1304107,"atc_1st",21601386,"L. ANTINEOPLASTIC AND IMMUNOMODULATING AGENTS",1,NA
1304850,"atc_1st",21601386,"L. ANTINEOPLASTIC AND IMMUNOMODULATING AGENTS",1,NA
1304919,"atc_1st",21601386,"L. ANTINEOPLASTIC AND IMMUNOMODULATING AGENTS",1,NA
1305058,"atc_1st",21601386,"L. ANTINEOPLASTIC AND IMMUNOMODULATING AGENTS",1,NA
1310317,"atc_1st",21601386,"L. ANTINEOPLASTIC AND IMMUNOMODULATING AGENTS",1,NA
1312706,"atc_1st",21601386,"L. ANTINEOPLASTIC AND IMMUNOMODULATING AGENTS",1,NA
1314273,"atc_1st",21601386,"L. ANTINEOPLASTIC AND IMMUNOMODULATING AGENTS",1,NA
1315942,"atc_1st",21601386,"L. ANTINEOPLASTIC AND IMMUNOMODULATING AGENTS",1,NA
1315946,"atc_1st",21601386,"L. ANTINEOPLASTIC AND IMMUNOMODULATING AGENTS",1,NA
1333357,"atc_1st",21601386,"L. ANTINEOPLASTIC AND IMMUNOMODULATING AGENTS",1,NA
1336539,"atc_1st",21601386,"L. ANTINEOPLASTIC AND IMMUNOMODULATING AGENTS",1,NA
1337620,"atc_1st",21601386,"L. ANTINEOPLASTIC AND IMMUNOMODULATING AGENTS",1,NA
1341149,"atc_1st",21601386,"L. ANTINEOPLASTIC AND IMMUNOMODULATING AGENTS",1,NA
1343039,"atc_1st",21601386,"L. ANTINEOPLASTIC AND IMMUNOMODULATING AGENTS",1,NA
1344354,"atc_1st",21601386,"L. ANTINEOPLASTIC AND IMMUNOMODULATING AGENTS",1,NA
1344381,"atc_1st",21601386,"L. ANTINEOPLASTIC AND IMMUNOMODULATING AGENTS",1,NA
1348265,"atc_1st",21601386,"L. ANTINEOPLASTIC AND IMMUNOMODULATING AGENTS",1,NA
1349025,"atc_1st",21601386,"L. ANTINEOPLASTIC AND IMMUNOMODULATING AGENTS",1,NA
1350504,"atc_1st",21601386,"L. ANTINEOPLASTIC AND IMMUNOMODULATING AGENTS",1,NA
1358436,"atc_1st",21601386,"L. ANTINEOPLASTIC AND IMMUNOMODULATING AGENTS",1,NA
1361291,"atc_1st",21601386,"L. ANTINEOPLASTIC AND IMMUNOMODULATING AGENTS",1,NA
1361580,"atc_1st",21601386,"L. ANTINEOPLASTIC AND IMMUNOMODULATING AGENTS",1,NA
1363387,"atc_1st",21601386,"L. ANTINEOPLASTIC AND IMMUNOMODULATING AGENTS",1,NA
1366310,"atc_1st",21601386,"L. ANTINEOPLASTIC AND IMMUNOMODULATING AGENTS",1,NA
1377141,"atc_1st",21601386,"L. ANTINEOPLASTIC AND IMMUNOMODULATING AGENTS",1,NA
1379969,"atc_1st",21601386,"L. ANTINEOPLASTIC AND IMMUNOMODULATING AGENTS",1,NA
1381253,"atc_1st",21601386,"L. ANTINEOPLASTIC AND IMMUNOMODULATING AGENTS",1,NA
1390051,"atc_1st",21601386,"L. ANTINEOPLASTIC AND IMMUNOMODULATING AGENTS",1,NA
1394023,"atc_1st",21601386,"L. ANTINEOPLASTIC AND IMMUNOMODULATING AGENTS",1,NA
1395557,"atc_1st",21601386,"L. ANTINEOPLASTIC AND IMMUNOMODULATING AGENTS",1,NA
1397141,"atc_1st",21601386,"L. ANTINEOPLASTIC AND IMMUNOMODULATING AGENTS",1,NA
1398399,"atc_1st",21601386,"L. ANTINEOPLASTIC AND IMMUNOMODULATING AGENTS",1,NA
1436650,"atc_1st",21601386,"L. ANTINEOPLASTIC AND IMMUNOMODULATING AGENTS",1,NA
1436678,"atc_1st",21601386,"L. ANTINEOPLASTIC AND IMMUNOMODULATING AGENTS",1,NA
1500211,"atc_1st",21601386,"L. ANTINEOPLASTIC AND IMMUNOMODULATING AGENTS",1,NA
1510627,"atc_1st",21601386,"L. ANTINEOPLASTIC AND IMMUNOMODULATING AGENTS",1,NA
1510913,"atc_1st",21601386,"L. ANTINEOPLASTIC AND IMMUNOMODULATING AGENTS",1,NA
1511348,"atc_1st",21601386,"L. ANTINEOPLASTIC AND IMMUNOMODULATING AGENTS",1,NA
1549786,"atc_1st",21601386,"L. ANTINEOPLASTIC AND IMMUNOMODULATING AGENTS",1,NA
1592911,"atc_1st",21601386,"L. ANTINEOPLASTIC AND IMMUNOMODULATING AGENTS",1,NA
1593700,"atc_1st",21601386,"L. ANTINEOPLASTIC AND IMMUNOMODULATING AGENTS",1,NA
1594003,"atc_1st",21601386,"L. ANTINEOPLASTIC AND IMMUNOMODULATING AGENTS",1,NA
1594187,"atc_1st",21601386,"L. ANTINEOPLASTIC AND IMMUNOMODULATING AGENTS",1,NA
1714165,"atc_1st",21601386,"L. ANTINEOPLASTIC AND IMMUNOMODULATING AGENTS",1,NA
1797155,"atc_1st",21601386,"L. ANTINEOPLASTIC AND IMMUNOMODULATING AGENTS",1,NA
19010482,"atc_1st",21601386,"L. ANTINEOPLASTIC AND IMMUNOMODULATING AGENTS",1,NA
19011440,"atc_1st",21601386,"L. ANTINEOPLASTIC AND IMMUNOMODULATING AGENTS",1,NA
19012565,"atc_1st",21601386,"L. ANTINEOPLASTIC AND IMMUNOMODULATING AGENTS",1,NA
19014878,"atc_1st",21601386,"L. ANTINEOPLASTIC AND IMMUNOMODULATING AGENTS",1,NA
19026972,"atc_1st",21601386,"L. ANTINEOPLASTIC AND IMMUNOMODULATING AGENTS",1,NA
19033280,"atc_1st",21601386,"L. ANTINEOPLASTIC AND IMMUNOMODULATING AGENTS",1,NA
19034726,"atc_1st",21601386,"L. ANTINEOPLASTIC AND IMMUNOMODULATING AGENTS",1,NA
19038440,"atc_1st",21601386,"L. ANTINEOPLASTIC AND IMMUNOMODULATING AGENTS",1,NA
19042545,"atc_1st",21601386,"L. ANTINEOPLASTIC AND IMMUNOMODULATING AGENTS",1,NA
19054825,"atc_1st",21601386,"L. ANTINEOPLASTIC AND IMMUNOMODULATING AGENTS",1,NA
19078187,"atc_1st",21601386,"L. ANTINEOPLASTIC AND IMMUNOMODULATING AGENTS",1,NA
19092845,"atc_1st",21601386,"L. ANTINEOPLASTIC AND IMMUNOMODULATING AGENTS",1,NA
19136207,"atc_1st",21601386,"L. ANTINEOPLASTIC AND IMMUNOMODULATING AGENTS",1,NA
19137042,"atc_1st",21601386,"L. ANTINEOPLASTIC AND IMMUNOMODULATING AGENTS",1,NA
35603563,"atc_1st",21601386,"L. ANTINEOPLASTIC AND IMMUNOMODULATING AGENTS",1,NA
35604205,"atc_1st",21601386,"L. ANTINEOPLASTIC AND IMMUNOMODULATING AGENTS",1,NA
35604657,"atc_1st",21601386,"L. ANTINEOPLASTIC AND IMMUNOMODULATING AGENTS",1,NA
35605522,"atc_1st",21601386,"L. ANTINEOPLASTIC AND IMMUNOMODULATING AGENTS",1,NA
35606214,"atc_1st",21601386,"L. ANTINEOPLASTIC AND IMMUNOMODULATING AGENTS",1,NA
37497593,"atc_1st",21601386,"L. ANTINEOPLASTIC AND IMMUNOMODULATING AGENTS",1,NA
40161532,"atc_1st",21601386,"L. ANTINEOPLASTIC AND IMMUNOMODULATING AGENTS",1,NA
40167554,"atc_1st",21601386,"L. ANTINEOPLASTIC AND IMMUNOMODULATING AGENTS",1,NA
40167582,"atc_1st",21601386,"L. ANTINEOPLASTIC AND IMMUNOMODULATING AGENTS",1,NA
40171288,"atc_1st",21601386,"L. ANTINEOPLASTIC AND IMMUNOMODULATING AGENTS",1,NA
40239056,"atc_1st",21601386,"L. ANTINEOPLASTIC AND IMMUNOMODULATING AGENTS",1,NA
40241969,"atc_1st",21601386,"L. ANTINEOPLASTIC AND IMMUNOMODULATING AGENTS",1,NA
40244266,"atc_1st",21601386,"L. ANTINEOPLASTIC AND IMMUNOMODULATING AGENTS",1,NA
40244464,"atc_1st",21601386,"L. ANTINEOPLASTIC AND IMMUNOMODULATING AGENTS",1,NA
42709322,"atc_1st",21601386,"L. ANTINEOPLASTIC AND IMMUNOMODULATING AGENTS",1,NA
42801287,"atc_1st",21601386,"L. ANTINEOPLASTIC AND IMMUNOMODULATING AGENTS",1,NA
42873638,"atc_1st",21601386,"L. ANTINEOPLASTIC AND IMMUNOMODULATING AGENTS",1,NA
42900250,"atc_1st",21601386,"L. ANTINEOPLASTIC AND IMMUNOMODULATING AGENTS",1,NA
42900584,"atc_1st",21601386,"L. ANTINEOPLASTIC AND IMMUNOMODULATING AGENTS",1,NA
42903460,"atc_1st",21601386,"L. ANTINEOPLASTIC AND IMMUNOMODULATING AGENTS",1,NA
42904205,"atc_1st",21601386,"L. ANTINEOPLASTIC AND IMMUNOMODULATING AGENTS",1,NA
43012292,"atc_1st",21601386,"L. ANTINEOPLASTIC AND IMMUNOMODULATING AGENTS",1,NA
43014237,"atc_1st",21601386,"L. ANTINEOPLASTIC AND IMMUNOMODULATING AGENTS",1,NA
43526424,"atc_1st",21601386,"L. ANTINEOPLASTIC AND IMMUNOMODULATING AGENTS",1,NA
43532299,"atc_1st",21601386,"L. ANTINEOPLASTIC AND IMMUNOMODULATING AGENTS",1,NA
43532497,"atc_1st",21601386,"L. ANTINEOPLASTIC AND IMMUNOMODULATING AGENTS",1,NA
44507848,"atc_1st",21601386,"L. ANTINEOPLASTIC AND IMMUNOMODULATING AGENTS",1,NA
45775146,"atc_1st",21601386,"L. ANTINEOPLASTIC AND IMMUNOMODULATING AGENTS",1,NA
45775206,"atc_1st",21601386,"L. ANTINEOPLASTIC AND IMMUNOMODULATING AGENTS",1,NA
45775396,"atc_1st",21601386,"L. ANTINEOPLASTIC AND IMMUNOMODULATING AGENTS",1,NA
45775965,"atc_1st",21601386,"L. ANTINEOPLASTIC AND IMMUNOMODULATING AGENTS",1,NA
45892075,"atc_1st",21601386,"L. ANTINEOPLASTIC AND IMMUNOMODULATING AGENTS",1,NA
45892579,"atc_1st",21601386,"L. ANTINEOPLASTIC AND IMMUNOMODULATING AGENTS",1,NA
45892883,"atc_1st",21601386,"L. ANTINEOPLASTIC AND IMMUNOMODULATING AGENTS",1,NA
46221433,"atc_1st",21601386,"L. ANTINEOPLASTIC AND IMMUNOMODULATING AGENTS",1,NA
715233,"atc_1st",21603931,"M. MUSCULO-SKELETAL SYSTEM",1,NA
729855,"atc_1st",21603931,"M. MUSCULO-SKELETAL SYSTEM",1,NA
778474,"atc_1st",21603931,"M. MUSCULO-SKELETAL SYSTEM",1,NA
787787,"atc_1st",21603931,"M. MUSCULO-SKELETAL SYSTEM",1,NA
939881,"atc_1st",21603931,"M. MUSCULO-SKELETAL SYSTEM",1,NA
1101554,"atc_1st",21603931,"M. MUSCULO-SKELETAL SYSTEM",1,NA
1112807,"atc_1st",21603931,"M. MUSCULO-SKELETAL SYSTEM",1,NA
1113648,"atc_1st",21603931,"M. MUSCULO-SKELETAL SYSTEM",1,NA
1115008,"atc_1st",21603931,"M. MUSCULO-SKELETAL SYSTEM",1,NA
1118084,"atc_1st",21603931,"M. MUSCULO-SKELETAL SYSTEM",1,NA
1124300,"atc_1st",21603931,"M. MUSCULO-SKELETAL SYSTEM",1,NA
1146810,"atc_1st",21603931,"M. MUSCULO-SKELETAL SYSTEM",1,NA
1150345,"atc_1st",21603931,"M. MUSCULO-SKELETAL SYSTEM",1,NA
1167322,"atc_1st",21603931,"M. MUSCULO-SKELETAL SYSTEM",1,NA
1177480,"atc_1st",21603931,"M. MUSCULO-SKELETAL SYSTEM",1,NA
1178663,"atc_1st",21603931,"M. MUSCULO-SKELETAL SYSTEM",1,NA
1185922,"atc_1st",21603931,"M. MUSCULO-SKELETAL SYSTEM",1,NA
1304565,"atc_1st",21603931,"M. MUSCULO-SKELETAL SYSTEM",1,NA
1360332,"atc_1st",21603931,"M. MUSCULO-SKELETAL SYSTEM",1,NA
1395573,"atc_1st",21603931,"M. MUSCULO-SKELETAL SYSTEM",1,NA
1512480,"atc_1st",21603931,"M. MUSCULO-SKELETAL SYSTEM",1,NA
1516800,"atc_1st",21603931,"M. MUSCULO-SKELETAL SYSTEM",1,NA
1524674,"atc_1st",21603931,"M. MUSCULO-SKELETAL SYSTEM",1,NA
1557272,"atc_1st",21603931,"M. MUSCULO-SKELETAL SYSTEM",1,NA
19000815,"atc_1st",21603931,"M. MUSCULO-SKELETAL SYSTEM",1,NA
19003296,"atc_1st",21603931,"M. MUSCULO-SKELETAL SYSTEM",1,NA
19011355,"atc_1st",21603931,"M. MUSCULO-SKELETAL SYSTEM",1,NA
19016754,"atc_1st",21603931,"M. MUSCULO-SKELETAL SYSTEM",1,NA
19017742,"atc_1st",21603931,"M. MUSCULO-SKELETAL SYSTEM",1,NA
19028050,"atc_1st",21603931,"M. MUSCULO-SKELETAL SYSTEM",1,NA
19029393,"atc_1st",21603931,"M. MUSCULO-SKELETAL SYSTEM",1,NA
19042155,"atc_1st",21603931,"M. MUSCULO-SKELETAL SYSTEM",1,NA
19049709,"atc_1st",21603931,"M. MUSCULO-SKELETAL SYSTEM",1,NA
19056874,"atc_1st",21603931,"M. MUSCULO-SKELETAL SYSTEM",1,NA
19115051,"atc_1st",21603931,"M. MUSCULO-SKELETAL SYSTEM",1,NA
37002532,"atc_1st",21603931,"M. MUSCULO-SKELETAL SYSTEM",1,NA
40222444,"atc_1st",21603931,"M. MUSCULO-SKELETAL SYSTEM",1,NA
701322,"atc_1st",21604180,"N. NERVOUS SYSTEM",1,NA
701982,"atc_1st",21604180,"N. NERVOUS SYSTEM",1,NA
703547,"atc_1st",21604180,"N. NERVOUS SYSTEM",1,NA
704599,"atc_1st",21604180,"N. NERVOUS SYSTEM",1,NA
705103,"atc_1st",21604180,"N. NERVOUS SYSTEM",1,NA
705178,"atc_1st",21604180,"N. NERVOUS SYSTEM",1,NA
705944,"atc_1st",21604180,"N. NERVOUS SYSTEM",1,NA
708298,"atc_1st",21604180,"N. NERVOUS SYSTEM",1,NA
709567,"atc_1st",21604180,"N. NERVOUS SYSTEM",1,NA
710062,"atc_1st",21604180,"N. NERVOUS SYSTEM",1,NA
710650,"atc_1st",21604180,"N. NERVOUS SYSTEM",1,NA
711584,"atc_1st",21604180,"N. NERVOUS SYSTEM",1,NA
712615,"atc_1st",21604180,"N. NERVOUS SYSTEM",1,NA
713823,"atc_1st",21604180,"N. NERVOUS SYSTEM",1,NA
715259,"atc_1st",21604180,"N. NERVOUS SYSTEM",1,NA
715710,"atc_1st",21604180,"N. NERVOUS SYSTEM",1,NA
715939,"atc_1st",21604180,"N. NERVOUS SYSTEM",1,NA
715997,"atc_1st",21604180,"N. NERVOUS SYSTEM",1,NA
717136,"atc_1st",21604180,"N. NERVOUS SYSTEM",1,NA
718122,"atc_1st",21604180,"N. NERVOUS SYSTEM",1,NA
720810,"atc_1st",21604180,"N. NERVOUS SYSTEM",1,NA
721724,"atc_1st",21604180,"N. NERVOUS SYSTEM",1,NA
722031,"atc_1st",21604180,"N. NERVOUS SYSTEM",1,NA
723013,"atc_1st",21604180,"N. NERVOUS SYSTEM",1,NA
724816,"atc_1st",21604180,"N. NERVOUS SYSTEM",1,NA
725131,"atc_1st",21604180,"N. NERVOUS SYSTEM",1,NA
730548,"atc_1st",21604180,"N. NERVOUS SYSTEM",1,NA
732893,"atc_1st",21604180,"N. NERVOUS SYSTEM",1,NA
733008,"atc_1st",21604180,"N. NERVOUS SYSTEM",1,NA
734275,"atc_1st",21604180,"N. NERVOUS SYSTEM",1,NA
734354,"atc_1st",21604180,"N. NERVOUS SYSTEM",1,NA
735850,"atc_1st",21604180,"N. NERVOUS SYSTEM",1,NA
735951,"atc_1st",21604180,"N. NERVOUS SYSTEM",1,NA
735979,"atc_1st",21604180,"N. NERVOUS SYSTEM",1,NA
739138,"atc_1st",21604180,"N. NERVOUS SYSTEM",1,NA
740275,"atc_1st",21604180,"N. NERVOUS SYSTEM",1,NA
740910,"atc_1st",21604180,"N. NERVOUS SYSTEM",1,NA
742185,"atc_1st",21604180,"N. NERVOUS SYSTEM",1,NA
742267,"atc_1st",21604180,"N. NERVOUS SYSTEM",1,NA
743670,"atc_1st",21604180,"N. NERVOUS SYSTEM",1,NA
744740,"atc_1st",21604180,"N. NERVOUS SYSTEM",1,NA
745466,"atc_1st",21604180,"N. NERVOUS SYSTEM",1,NA
750119,"atc_1st",21604180,"N. NERVOUS SYSTEM",1,NA
750982,"atc_1st",21604180,"N. NERVOUS SYSTEM",1,NA
751246,"atc_1st",21604180,"N. NERVOUS SYSTEM",1,NA
751347,"atc_1st",21604180,"N. NERVOUS SYSTEM",1,NA
751412,"atc_1st",21604180,"N. NERVOUS SYSTEM",1,NA
751698,"atc_1st",21604180,"N. NERVOUS SYSTEM",1,NA
755695,"atc_1st",21604180,"N. NERVOUS SYSTEM",1,NA
756018,"atc_1st",21604180,"N. NERVOUS SYSTEM",1,NA
757352,"atc_1st",21604180,"N. NERVOUS SYSTEM",1,NA
757688,"atc_1st",21604180,"N. NERVOUS SYSTEM",1,NA
759740,"atc_1st",21604180,"N. NERVOUS SYSTEM",1,NA
766529,"atc_1st",21604180,"N. NERVOUS SYSTEM",1,NA
766814,"atc_1st",21604180,"N. NERVOUS SYSTEM",1,NA
777221,"atc_1st",21604180,"N. NERVOUS SYSTEM",1,NA
778268,"atc_1st",21604180,"N. NERVOUS SYSTEM",1,NA
780442,"atc_1st",21604180,"N. NERVOUS SYSTEM",1,NA
781039,"atc_1st",21604180,"N. NERVOUS SYSTEM",1,NA
782211,"atc_1st",21604180,"N. NERVOUS SYSTEM",1,NA
785788,"atc_1st",21604180,"N. NERVOUS SYSTEM",1,NA
789578,"atc_1st",21604180,"N. NERVOUS SYSTEM",1,NA
791967,"atc_1st",21604180,"N. NERVOUS SYSTEM",1,NA
794852,"atc_1st",21604180,"N. NERVOUS SYSTEM",1,NA
797399,"atc_1st",21604180,"N. NERVOUS SYSTEM",1,NA
797617,"atc_1st",21604180,"N. NERVOUS SYSTEM",1,NA
798834,"atc_1st",21604180,"N. NERVOUS SYSTEM",1,NA
798874,"atc_1st",21604180,"N. NERVOUS SYSTEM",1,NA
800878,"atc_1st",21604180,"N. NERVOUS SYSTEM",1,NA
836877,"atc_1st",21604180,"N. NERVOUS SYSTEM",1,NA
837027,"atc_1st",21604180,"N. NERVOUS SYSTEM",1,NA
923840,"atc_1st",21604180,"N. NERVOUS SYSTEM",1,NA
939881,"atc_1st",21604180,"N. NERVOUS SYSTEM",1,NA
945286,"atc_1st",21604180,"N. NERVOUS SYSTEM",1,NA
951279,"atc_1st",21604180,"N. NERVOUS SYSTEM",1,NA
964407,"atc_1st",21604180,"N. NERVOUS SYSTEM",1,NA
989878,"atc_1st",21604180,"N. NERVOUS SYSTEM",1,NA
1102527,"atc_1st",21604180,"N. NERVOUS SYSTEM",1,NA
1103314,"atc_1st",21604180,"N. NERVOUS SYSTEM",1,NA
1103640,"atc_1st",21604180,"N. NERVOUS SYSTEM",1,NA
1110410,"atc_1st",21604180,"N. NERVOUS SYSTEM",1,NA
1112807,"atc_1st",21604180,"N. NERVOUS SYSTEM",1,NA
1116031,"atc_1st",21604180,"N. NERVOUS SYSTEM",1,NA
1118117,"atc_1st",21604180,"N. NERVOUS SYSTEM",1,NA
1124957,"atc_1st",21604180,"N. NERVOUS SYSTEM",1,NA
1125315,"atc_1st",21604180,"N. NERVOUS SYSTEM",1,NA
1129625,"atc_1st",21604180,"N. NERVOUS SYSTEM",1,NA
1133201,"atc_1st",21604180,"N. NERVOUS SYSTEM",1,NA
1134439,"atc_1st",21604180,"N. NERVOUS SYSTEM",1,NA
1140643,"atc_1st",21604180,"N. NERVOUS SYSTEM",1,NA
1145467,"atc_1st",21604180,"N. NERVOUS SYSTEM",1,NA
1154029,"atc_1st",21604180,"N. NERVOUS SYSTEM",1,NA
1154077,"atc_1st",21604180,"N. NERVOUS SYSTEM",1,NA
1189458,"atc_1st",21604180,"N. NERVOUS SYSTEM",1,NA
1189596,"atc_1st",21604180,"N. NERVOUS SYSTEM",1,NA
1201620,"atc_1st",21604180,"N. NERVOUS SYSTEM",1,NA
1301152,"atc_1st",21604180,"N. NERVOUS SYSTEM",1,NA
1366610,"atc_1st",21604180,"N. NERVOUS SYSTEM",1,NA
1391889,"atc_1st",21604180,"N. NERVOUS SYSTEM",1,NA
1398937,"atc_1st",21604180,"N. NERVOUS SYSTEM",1,NA
1510467,"atc_1st",21604180,"N. NERVOUS SYSTEM",1,NA
1558471,"atc_1st",21604180,"N. NERVOUS SYSTEM",1,NA
1714319,"atc_1st",21604180,"N. NERVOUS SYSTEM",1,NA
19000921,"atc_1st",21604180,"N. NERVOUS SYSTEM",1,NA
19007737,"atc_1st",21604180,"N. NERVOUS SYSTEM",1,NA
19010886,"atc_1st",21604180,"N. NERVOUS SYSTEM",1,NA
19014158,"atc_1st",21604180,"N. NERVOUS SYSTEM",1,NA
19020002,"atc_1st",21604180,"N. NERVOUS SYSTEM",1,NA
19020021,"atc_1st",21604180,"N. NERVOUS SYSTEM",1,NA
19020124,"atc_1st",21604180,"N. NERVOUS SYSTEM",1,NA
19030353,"atc_1st",21604180,"N. NERVOUS SYSTEM",1,NA
19031397,"atc_1st",21604180,"N. NERVOUS SYSTEM",1,NA
19041910,"atc_1st",21604180,"N. NERVOUS SYSTEM",1,NA
19044883,"atc_1st",21604180,"N. NERVOUS SYSTEM",1,NA
19046654,"atc_1st",21604180,"N. NERVOUS SYSTEM",1,NA
19050633,"atc_1st",21604180,"N. NERVOUS SYSTEM",1,NA
19050832,"atc_1st",21604180,"N. NERVOUS SYSTEM",1,NA
19052903,"atc_1st",21604180,"N. NERVOUS SYSTEM",1,NA
19053565,"atc_1st",21604180,"N. NERVOUS SYSTEM",1,NA
19055183,"atc_1st",21604180,"N. NERVOUS SYSTEM",1,NA
19055982,"atc_1st",21604180,"N. NERVOUS SYSTEM",1,NA
19057607,"atc_1st",21604180,"N. NERVOUS SYSTEM",1,NA
19064698,"atc_1st",21604180,"N. NERVOUS SYSTEM",1,NA
19080226,"atc_1st",21604180,"N. NERVOUS SYSTEM",1,NA
19087090,"atc_1st",21604180,"N. NERVOUS SYSTEM",1,NA
19087394,"atc_1st",21604180,"N. NERVOUS SYSTEM",1,NA
19095002,"atc_1st",21604180,"N. NERVOUS SYSTEM",1,NA
19095462,"atc_1st",21604180,"N. NERVOUS SYSTEM",1,NA
19097481,"atc_1st",21604180,"N. NERVOUS SYSTEM",1,NA
19136626,"atc_1st",21604180,"N. NERVOUS SYSTEM",1,NA
35200286,"atc_1st",21604180,"N. NERVOUS SYSTEM",1,NA
35200577,"atc_1st",21604180,"N. NERVOUS SYSTEM",1,NA
35603277,"atc_1st",21604180,"N. NERVOUS SYSTEM",1,NA
36878783,"atc_1st",21604180,"N. NERVOUS SYSTEM",1,NA
37497998,"atc_1st",21604180,"N. NERVOUS SYSTEM",1,NA
37498993,"atc_1st",21604180,"N. NERVOUS SYSTEM",1,NA
37499031,"atc_1st",21604180,"N. NERVOUS SYSTEM",1,NA
40239995,"atc_1st",21604180,"N. NERVOUS SYSTEM",1,NA
43012272,"atc_1st",21604180,"N. NERVOUS SYSTEM",1,NA
44507700,"atc_1st",21604180,"N. NERVOUS SYSTEM",1,NA
735850,"atc_1st",21604847,"P. ANTIPARASITIC PRODUCTS, INSECTICIDES AND REPELLENTS",1,NA
922868,"atc_1st",21604847,"P. ANTIPARASITIC PRODUCTS, INSECTICIDES AND REPELLENTS",1,NA
978236,"atc_1st",21604847,"P. ANTIPARASITIC PRODUCTS, INSECTICIDES AND REPELLENTS",1,NA
1389464,"atc_1st",21604847,"P. ANTIPARASITIC PRODUCTS, INSECTICIDES AND REPELLENTS",1,NA
1707164,"atc_1st",21604847,"P. ANTIPARASITIC PRODUCTS, INSECTICIDES AND REPELLENTS",1,NA
1750461,"atc_1st",21604847,"P. ANTIPARASITIC PRODUCTS, INSECTICIDES AND REPELLENTS",1,NA
1753745,"atc_1st",21604847,"P. ANTIPARASITIC PRODUCTS, INSECTICIDES AND REPELLENTS",1,NA
1777087,"atc_1st",21604847,"P. ANTIPARASITIC PRODUCTS, INSECTICIDES AND REPELLENTS",1,NA
1781733,"atc_1st",21604847,"P. ANTIPARASITIC PRODUCTS, INSECTICIDES AND REPELLENTS",1,NA
1784444,"atc_1st",21604847,"P. ANTIPARASITIC PRODUCTS, INSECTICIDES AND REPELLENTS",1,NA
1792429,"atc_1st",21604847,"P. ANTIPARASITIC PRODUCTS, INSECTICIDES AND REPELLENTS",1,NA
1794280,"atc_1st",21604847,"P. ANTIPARASITIC PRODUCTS, INSECTICIDES AND REPELLENTS",1,NA
19000498,"atc_1st",21604847,"P. ANTIPARASITIC PRODUCTS, INSECTICIDES AND REPELLENTS",1,NA
19036946,"atc_1st",21604847,"P. ANTIPARASITIC PRODUCTS, INSECTICIDES AND REPELLENTS",1,NA
787787,"atc_1st",21605007,"R. RESPIRATORY SYSTEM",1,NA
903963,"atc_1st",21605007,"R. RESPIRATORY SYSTEM",1,NA
905233,"atc_1st",21605007,"R. RESPIRATORY SYSTEM",1,NA
915175,"atc_1st",21605007,"R. RESPIRATORY SYSTEM",1,NA
915855,"atc_1st",21605007,"R. RESPIRATORY SYSTEM",1,NA
915981,"atc_1st",21605007,"R. RESPIRATORY SYSTEM",1,NA
920458,"atc_1st",21605007,"R. RESPIRATORY SYSTEM",1,NA
928744,"atc_1st",21605007,"R. RESPIRATORY SYSTEM",1,NA
934075,"atc_1st",21605007,"R. RESPIRATORY SYSTEM",1,NA
939259,"atc_1st",21605007,"R. RESPIRATORY SYSTEM",1,NA
943852,"atc_1st",21605007,"R. RESPIRATORY SYSTEM",1,NA
951511,"atc_1st",21605007,"R. RESPIRATORY SYSTEM",1,NA
975125,"atc_1st",21605007,"R. RESPIRATORY SYSTEM",1,NA
986117,"atc_1st",21605007,"R. RESPIRATORY SYSTEM",1,NA
989878,"atc_1st",21605007,"R. RESPIRATORY SYSTEM",1,NA
1103006,"atc_1st",21605007,"R. RESPIRATORY SYSTEM",1,NA
1105775,"atc_1st",21605007,"R. RESPIRATORY SYSTEM",1,NA
1106776,"atc_1st",21605007,"R. RESPIRATORY SYSTEM",1,NA
1107830,"atc_1st",21605007,"R. RESPIRATORY SYSTEM",1,NA
1110410,"atc_1st",21605007,"R. RESPIRATORY SYSTEM",1,NA
1110942,"atc_1st",21605007,"R. RESPIRATORY SYSTEM",1,NA
1112921,"atc_1st",21605007,"R. RESPIRATORY SYSTEM",1,NA
1115572,"atc_1st",21605007,"R. RESPIRATORY SYSTEM",1,NA
1124957,"atc_1st",21605007,"R. RESPIRATORY SYSTEM",1,NA
1125443,"atc_1st",21605007,"R. RESPIRATORY SYSTEM",1,NA
1129625,"atc_1st",21605007,"R. RESPIRATORY SYSTEM",1,NA
1133201,"atc_1st",21605007,"R. RESPIRATORY SYSTEM",1,NA
1135766,"atc_1st",21605007,"R. RESPIRATORY SYSTEM",1,NA
1136422,"atc_1st",21605007,"R. RESPIRATORY SYSTEM",1,NA
1137529,"atc_1st",21605007,"R. RESPIRATORY SYSTEM",1,NA
1139042,"atc_1st",21605007,"R. RESPIRATORY SYSTEM",1,NA
1149196,"atc_1st",21605007,"R. RESPIRATORY SYSTEM",1,NA
1149380,"atc_1st",21605007,"R. RESPIRATORY SYSTEM",1,NA
1154161,"atc_1st",21605007,"R. RESPIRATORY SYSTEM",1,NA
1154332,"atc_1st",21605007,"R. RESPIRATORY SYSTEM",1,NA
1154343,"atc_1st",21605007,"R. RESPIRATORY SYSTEM",1,NA
1163944,"atc_1st",21605007,"R. RESPIRATORY SYSTEM",1,NA
1177480,"atc_1st",21605007,"R. RESPIRATORY SYSTEM",1,NA
1189596,"atc_1st",21605007,"R. RESPIRATORY SYSTEM",1,NA
1196677,"atc_1st",21605007,"R. RESPIRATORY SYSTEM",1,NA
1197677,"atc_1st",21605007,"R. RESPIRATORY SYSTEM",1,NA
1201620,"atc_1st",21605007,"R. RESPIRATORY SYSTEM",1,NA
1237049,"atc_1st",21605007,"R. RESPIRATORY SYSTEM",1,NA
1326901,"atc_1st",21605007,"R. RESPIRATORY SYSTEM",1,NA
1343916,"atc_1st",21605007,"R. RESPIRATORY SYSTEM",1,NA
1354698,"atc_1st",21605007,"R. RESPIRATORY SYSTEM",1,NA
1518254,"atc_1st",21605007,"R. RESPIRATORY SYSTEM",1,NA
1550557,"atc_1st",21605007,"R. RESPIRATORY SYSTEM",1,NA
1750087,"atc_1st",21605007,"R. RESPIRATORY SYSTEM",1,NA
1790812,"atc_1st",21605007,"R. RESPIRATORY SYSTEM",1,NA
19001599,"atc_1st",21605007,"R. RESPIRATORY SYSTEM",1,NA
19008867,"atc_1st",21605007,"R. RESPIRATORY SYSTEM",1,NA
19016063,"atc_1st",21605007,"R. RESPIRATORY SYSTEM",1,NA
19018164,"atc_1st",21605007,"R. RESPIRATORY SYSTEM",1,NA
19020068,"atc_1st",21605007,"R. RESPIRATORY SYSTEM",1,NA
19030493,"atc_1st",21605007,"R. RESPIRATORY SYSTEM",1,NA
19041843,"atc_1st",21605007,"R. RESPIRATORY SYSTEM",1,NA
19053979,"atc_1st",21605007,"R. RESPIRATORY SYSTEM",1,NA
19056694,"atc_1st",21605007,"R. RESPIRATORY SYSTEM",1,NA
19088167,"atc_1st",21605007,"R. RESPIRATORY SYSTEM",1,NA
19092433,"atc_1st",21605007,"R. RESPIRATORY SYSTEM",1,NA
19097405,"atc_1st",21605007,"R. RESPIRATORY SYSTEM",1,NA
35606631,"atc_1st",21605007,"R. RESPIRATORY SYSTEM",1,NA
36879144,"atc_1st",21605007,"R. RESPIRATORY SYSTEM",1,NA
40240664,"atc_1st",21605007,"R. RESPIRATORY SYSTEM",1,NA
42709323,"atc_1st",21605007,"R. RESPIRATORY SYSTEM",1,NA
42873639,"atc_1st",21605007,"R. RESPIRATORY SYSTEM",1,NA
43532539,"atc_1st",21605007,"R. RESPIRATORY SYSTEM",1,NA
44012547,"atc_1st",21605007,"R. RESPIRATORY SYSTEM",1,NA
44785907,"atc_1st",21605007,"R. RESPIRATORY SYSTEM",1,NA
45775116,"atc_1st",21605007,"R. RESPIRATORY SYSTEM",1,NA
45775571,"atc_1st",21605007,"R. RESPIRATORY SYSTEM",1,NA
717136,"atc_1st",21603550,"S. SENSORY ORGANS",1,NA
732893,"atc_1st",21603550,"S. SENSORY ORGANS",1,NA
751698,"atc_1st",21603550,"S. SENSORY ORGANS",1,NA
780442,"atc_1st",21603550,"S. SENSORY ORGANS",1,NA
787787,"atc_1st",21603550,"S. SENSORY ORGANS",1,NA
793351,"atc_1st",21603550,"S. SENSORY ORGANS",1,NA
793844,"atc_1st",21603550,"S. SENSORY ORGANS",1,NA
901845,"atc_1st",21603550,"S. SENSORY ORGANS",1,NA
902427,"atc_1st",21603550,"S. SENSORY ORGANS",1,NA
902722,"atc_1st",21603550,"S. SENSORY ORGANS",1,NA
903963,"atc_1st",21603550,"S. SENSORY ORGANS",1,NA
904501,"atc_1st",21603550,"S. SENSORY ORGANS",1,NA
904525,"atc_1st",21603550,"S. SENSORY ORGANS",1,NA
905078,"atc_1st",21603550,"S. SENSORY ORGANS",1,NA
906072,"atc_1st",21603550,"S. SENSORY ORGANS",1,NA
907879,"atc_1st",21603550,"S. SENSORY ORGANS",1,NA
909795,"atc_1st",21603550,"S. SENSORY ORGANS",1,NA
910232,"atc_1st",21603550,"S. SENSORY ORGANS",1,NA
914053,"atc_1st",21603550,"S. SENSORY ORGANS",1,NA
914335,"atc_1st",21603550,"S. SENSORY ORGANS",1,NA
915175,"atc_1st",21603550,"S. SENSORY ORGANS",1,NA
915542,"atc_1st",21603550,"S. SENSORY ORGANS",1,NA
915855,"atc_1st",21603550,"S. SENSORY ORGANS",1,NA
915981,"atc_1st",21603550,"S. SENSORY ORGANS",1,NA
920293,"atc_1st",21603550,"S. SENSORY ORGANS",1,NA
920458,"atc_1st",21603550,"S. SENSORY ORGANS",1,NA
922570,"atc_1st",21603550,"S. SENSORY ORGANS",1,NA
923081,"atc_1st",21603550,"S. SENSORY ORGANS",1,NA
923840,"atc_1st",21603550,"S. SENSORY ORGANS",1,NA
929435,"atc_1st",21603550,"S. SENSORY ORGANS",1,NA
929504,"atc_1st",21603550,"S. SENSORY ORGANS",1,NA
929549,"atc_1st",21603550,"S. SENSORY ORGANS",1,NA
934075,"atc_1st",21603550,"S. SENSORY ORGANS",1,NA
938044,"atc_1st",21603550,"S. SENSORY ORGANS",1,NA
940864,"atc_1st",21603550,"S. SENSORY ORGANS",1,NA
943852,"atc_1st",21603550,"S. SENSORY ORGANS",1,NA
945286,"atc_1st",21603550,"S. SENSORY ORGANS",1,NA
948582,"atc_1st",21603550,"S. SENSORY ORGANS",1,NA
951279,"atc_1st",21603550,"S. SENSORY ORGANS",1,NA
951511,"atc_1st",21603550,"S. SENSORY ORGANS",1,NA
954688,"atc_1st",21603550,"S. SENSORY ORGANS",1,NA
956653,"atc_1st",21603550,"S. SENSORY ORGANS",1,NA
964407,"atc_1st",21603550,"S. SENSORY ORGANS",1,NA
966956,"atc_1st",21603550,"S. SENSORY ORGANS",1,NA
967823,"atc_1st",21603550,"S. SENSORY ORGANS",1,NA
975125,"atc_1st",21603550,"S. SENSORY ORGANS",1,NA
978236,"atc_1st",21603550,"S. SENSORY ORGANS",1,NA
981709,"atc_1st",21603550,"S. SENSORY ORGANS",1,NA
985708,"atc_1st",21603550,"S. SENSORY ORGANS",1,NA
986117,"atc_1st",21603550,"S. SENSORY ORGANS",1,NA
988294,"atc_1st",21603550,"S. SENSORY ORGANS",1,NA
989878,"atc_1st",21603550,"S. SENSORY ORGANS",1,NA
990069,"atc_1st",21603550,"S. SENSORY ORGANS",1,NA
991003,"atc_1st",21603550,"S. SENSORY ORGANS",1,NA
996541,"atc_1st",21603550,"S. SENSORY ORGANS",1,NA
997881,"atc_1st",21603550,"S. SENSORY ORGANS",1,NA
1000632,"atc_1st",21603550,"S. SENSORY ORGANS",1,NA
1102527,"atc_1st",21603550,"S. SENSORY ORGANS",1,NA
1103314,"atc_1st",21603550,"S. SENSORY ORGANS",1,NA
1103640,"atc_1st",21603550,"S. SENSORY ORGANS",1,NA
1110410,"atc_1st",21603550,"S. SENSORY ORGANS",1,NA
1112807,"atc_1st",21603550,"S. SENSORY ORGANS",1,NA
1116031,"atc_1st",21603550,"S. SENSORY ORGANS",1,NA
1118117,"atc_1st",21603550,"S. SENSORY ORGANS",1,NA
1124300,"atc_1st",21603550,"S. SENSORY ORGANS",1,NA
1124957,"atc_1st",21603550,"S. SENSORY ORGANS",1,NA
1125315,"atc_1st",21603550,"S. SENSORY ORGANS",1,NA
1133201,"atc_1st",21603550,"S. SENSORY ORGANS",1,NA
1135766,"atc_1st",21603550,"S. SENSORY ORGANS",1,NA
1139042,"atc_1st",21603550,"S. SENSORY ORGANS",1,NA
1139179,"atc_1st",21603550,"S. SENSORY ORGANS",1,NA
1140643,"atc_1st",21603550,"S. SENSORY ORGANS",1,NA
1146810,"atc_1st",21603550,"S. SENSORY ORGANS",1,NA
1149196,"atc_1st",21603550,"S. SENSORY ORGANS",1,NA
1154029,"atc_1st",21603550,"S. SENSORY ORGANS",1,NA
1154077,"atc_1st",21603550,"S. SENSORY ORGANS",1,NA
1178663,"atc_1st",21603550,"S. SENSORY ORGANS",1,NA
1189458,"atc_1st",21603550,"S. SENSORY ORGANS",1,NA
1189596,"atc_1st",21603550,"S. SENSORY ORGANS",1,NA
1201620,"atc_1st",21603550,"S. SENSORY ORGANS",1,NA
1322081,"atc_1st",21603550,"S. SENSORY ORGANS",1,NA
1343916,"atc_1st",21603550,"S. SENSORY ORGANS",1,NA
1367571,"atc_1st",21603550,"S. SENSORY ORGANS",1,NA
1397141,"atc_1st",21603550,"S. SENSORY ORGANS",1,NA
1398937,"atc_1st",21603550,"S. SENSORY ORGANS",1,NA
1506270,"atc_1st",21603550,"S. SENSORY ORGANS",1,NA
1510467,"atc_1st",21603550,"S. SENSORY ORGANS",1,NA
1514412,"atc_1st",21603550,"S. SENSORY ORGANS",1,NA
1518254,"atc_1st",21603550,"S. SENSORY ORGANS",1,NA
1550557,"atc_1st",21603550,"S. SENSORY ORGANS",1,NA
1555120,"atc_1st",21603550,"S. SENSORY ORGANS",1,NA
1703653,"atc_1st",21603550,"S. SENSORY ORGANS",1,NA
1703687,"atc_1st",21603550,"S. SENSORY ORGANS",1,NA
1704139,"atc_1st",21603550,"S. SENSORY ORGANS",1,NA
1705674,"atc_1st",21603550,"S. SENSORY ORGANS",1,NA
1707164,"atc_1st",21603550,"S. SENSORY ORGANS",1,NA
1707687,"atc_1st",21603550,"S. SENSORY ORGANS",1,NA
1709170,"atc_1st",21603550,"S. SENSORY ORGANS",1,NA
1713332,"atc_1st",21603550,"S. SENSORY ORGANS",1,NA
1714277,"atc_1st",21603550,"S. SENSORY ORGANS",1,NA
1716903,"atc_1st",21603550,"S. SENSORY ORGANS",1,NA
1717327,"atc_1st",21603550,"S. SENSORY ORGANS",1,NA
1721543,"atc_1st",21603550,"S. SENSORY ORGANS",1,NA
1728416,"atc_1st",21603550,"S. SENSORY ORGANS",1,NA
1729720,"atc_1st",21603550,"S. SENSORY ORGANS",1,NA
1734104,"atc_1st",21603550,"S. SENSORY ORGANS",1,NA
1735947,"atc_1st",21603550,"S. SENSORY ORGANS",1,NA
1736887,"atc_1st",21603550,"S. SENSORY ORGANS",1,NA
1738366,"atc_1st",21603550,"S. SENSORY ORGANS",1,NA
1738521,"atc_1st",21603550,"S. SENSORY ORGANS",1,NA
1741309,"atc_1st",21603550,"S. SENSORY ORGANS",1,NA
1742253,"atc_1st",21603550,"S. SENSORY ORGANS",1,NA
1746940,"atc_1st",21603550,"S. SENSORY ORGANS",1,NA
1750087,"atc_1st",21603550,"S. SENSORY ORGANS",1,NA
1750461,"atc_1st",21603550,"S. SENSORY ORGANS",1,NA
1750500,"atc_1st",21603550,"S. SENSORY ORGANS",1,NA
1753745,"atc_1st",21603550,"S. SENSORY ORGANS",1,NA
1754994,"atc_1st",21603550,"S. SENSORY ORGANS",1,NA
1757803,"atc_1st",21603550,"S. SENSORY ORGANS",1,NA
1762711,"atc_1st",21603550,"S. SENSORY ORGANS",1,NA
1763204,"atc_1st",21603550,"S. SENSORY ORGANS",1,NA
1763779,"atc_1st",21603550,"S. SENSORY ORGANS",1,NA
1769535,"atc_1st",21603550,"S. SENSORY ORGANS",1,NA
1771162,"atc_1st",21603550,"S. SENSORY ORGANS",1,NA
1774470,"atc_1st",21603550,"S. SENSORY ORGANS",1,NA
1776684,"atc_1st",21603550,"S. SENSORY ORGANS",1,NA
1777087,"atc_1st",21603550,"S. SENSORY ORGANS",1,NA
1777806,"atc_1st",21603550,"S. SENSORY ORGANS",1,NA
1778162,"atc_1st",21603550,"S. SENSORY ORGANS",1,NA
1781733,"atc_1st",21603550,"S. SENSORY ORGANS",1,NA
1784444,"atc_1st",21603550,"S. SENSORY ORGANS",1,NA
1790812,"atc_1st",21603550,"S. SENSORY ORGANS",1,NA
1792429,"atc_1st",21603550,"S. SENSORY ORGANS",1,NA
1794280,"atc_1st",21603550,"S. SENSORY ORGANS",1,NA
1797513,"atc_1st",21603550,"S. SENSORY ORGANS",1,NA
1836241,"atc_1st",21603550,"S. SENSORY ORGANS",1,NA
1836430,"atc_1st",21603550,"S. SENSORY ORGANS",1,NA
1836948,"atc_1st",21603550,"S. SENSORY ORGANS",1,NA
19000498,"atc_1st",21603550,"S. SENSORY ORGANS",1,NA
19001599,"atc_1st",21603550,"S. SENSORY ORGANS",1,NA
19008867,"atc_1st",21603550,"S. SENSORY ORGANS",1,NA
19010400,"atc_1st",21603550,"S. SENSORY ORGANS",1,NA
19010482,"atc_1st",21603550,"S. SENSORY ORGANS",1,NA
19031397,"atc_1st",21603550,"S. SENSORY ORGANS",1,NA
19034726,"atc_1st",21603550,"S. SENSORY ORGANS",1,NA
19055344,"atc_1st",21603550,"S. SENSORY ORGANS",1,NA
19056694,"atc_1st",21603550,"S. SENSORY ORGANS",1,NA
19062817,"atc_1st",21603550,"S. SENSORY ORGANS",1,NA
19064698,"atc_1st",21603550,"S. SENSORY ORGANS",1,NA
19070251,"atc_1st",21603550,"S. SENSORY ORGANS",1,NA
19080982,"atc_1st",21603550,"S. SENSORY ORGANS",1,NA
19097405,"atc_1st",21603550,"S. SENSORY ORGANS",1,NA
35200577,"atc_1st",21603550,"S. SENSORY ORGANS",1,NA
35606465,"atc_1st",21603550,"S. SENSORY ORGANS",1,NA
36249204,"atc_1st",21603550,"S. SENSORY ORGANS",1,NA
40244266,"atc_1st",21603550,"S. SENSORY ORGANS",1,NA
42709325,"atc_1st",21603550,"S. SENSORY ORGANS",1,NA
44012547,"atc_1st",21603550,"S. SENSORY ORGANS",1,NA
44785094,"atc_1st",21603550,"S. SENSORY ORGANS",1,NA
45892419,"atc_1st",21603550,"S. SENSORY ORGANS",1,NA
45892552,"atc_1st",21603550,"S. SENSORY ORGANS",1,NA
45892558,"atc_1st",21603550,"S. SENSORY ORGANS",1,NA
905518,"atc_1st",21605212,"V. VARIOUS",1,NA
951469,"atc_1st",21605212,"V. VARIOUS",1,NA
952004,"atc_1st",21605212,"V. VARIOUS",1,NA
970011,"atc_1st",21605212,"V. VARIOUS",1,NA
990028,"atc_1st",21605212,"V. VARIOUS",1,NA
1114220,"atc_1st",21605212,"V. VARIOUS",1,NA
1134439,"atc_1st",21605212,"V. VARIOUS",1,NA
1139042,"atc_1st",21605212,"V. VARIOUS",1,NA
1304565,"atc_1st",21605212,"V. VARIOUS",1,NA
1354698,"atc_1st",21605212,"V. VARIOUS",1,NA
1360067,"atc_1st",21605212,"V. VARIOUS",1,NA
1377023,"atc_1st",21605212,"V. VARIOUS",1,NA
1388796,"atc_1st",21605212,"V. VARIOUS",1,NA
1550557,"atc_1st",21605212,"V. VARIOUS",1,NA
1560524,"atc_1st",21605212,"V. VARIOUS",1,NA
1786055,"atc_1st",21605212,"V. VARIOUS",1,NA
19007721,"atc_1st",21605212,"V. VARIOUS",1,NA
19020477,"atc_1st",21605212,"V. VARIOUS",1,NA
19054702,"atc_1st",21605212,"V. VARIOUS",1,NA
19093848,"atc_1st",21605212,"V. VARIOUS",1,NA
19095309,"atc_1st",21605212,"V. VARIOUS",1,NA
19111620,"atc_1st",21605212,"V. VARIOUS",1,NA
35602981,"atc_1st",21605212,"V. VARIOUS",1,NA
40161488,"atc_1st",21605212,"V. VARIOUS",1,NA
45775570,"atc_1st",21605212,"V. VARIOUS",1,NA
